Date,Week,Month,Year,
03-Sep-12,1,Sep-12,2013,
04-Sep-12,1,Sep-12,2013,
05-Sep-12,1,Sep-12,2013,
06-Sep-12,1,Sep-12,2013,
07-Sep-12,1,Sep-12,2013,
08-Sep-12,1,Sep-12,2013,
09-Sep-12,1,Sep-12,2013,
10-Sep-12,2,Sep-12,2013,
11-Sep-12,2,Sep-12,2013,
12-Sep-12,2,Sep-12,2013,
13-Sep-12,2,Sep-12,2013,
14-Sep-12,2,Sep-12,2013,
15-Sep-12,2,Sep-12,2013,
16-Sep-12,2,Sep-12,2013,
17-Sep-12,3,Sep-12,2013,
18-Sep-12,3,Sep-12,2013,
19-Sep-12,3,Sep-12,2013,
20-Sep-12,3,Sep-12,2013,
21-Sep-12,3,Sep-12,2013,
22-Sep-12,3,Sep-12,2013,
23-Sep-12,3,Sep-12,2013,
24-Sep-12,4,Sep-12,2013,
25-Sep-12,4,Sep-12,2013,
26-Sep-12,4,Sep-12,2013,
27-Sep-12,4,Sep-12,2013,
28-Sep-12,4,Sep-12,2013,
29-Sep-12,4,Sep-12,2013,
30-Sep-12,4,Sep-12,2013,
01-Oct-12,5,Oct-12,2013,
02-Oct-12,5,Oct-12,2013,
03-Oct-12,5,Oct-12,2013,
04-Oct-12,5,Oct-12,2013,
05-Oct-12,5,Oct-12,2013,
06-Oct-12,5,Oct-12,2013,
07-Oct-12,5,Oct-12,2013,
08-Oct-12,6,Oct-12,2013,
09-Oct-12,6,Oct-12,2013,
10-Oct-12,6,Oct-12,2013,
11-Oct-12,6,Oct-12,2013,
12-Oct-12,6,Oct-12,2013,
13-Oct-12,6,Oct-12,2013,
14-Oct-12,6,Oct-12,2013,
15-Oct-12,7,Oct-12,2013,
16-Oct-12,7,Oct-12,2013,
17-Oct-12,7,Oct-12,2013,
18-Oct-12,7,Oct-12,2013,
19-Oct-12,7,Oct-12,2013,
20-Oct-12,7,Oct-12,2013,
21-Oct-12,7,Oct-12,2013,
22-Oct-12,8,Oct-12,2013,
23-Oct-12,8,Oct-12,2013,
24-Oct-12,8,Oct-12,2013,
25-Oct-12,8,Oct-12,2013,
26-Oct-12,8,Oct-12,2013,
27-Oct-12,8,Oct-12,2013,
28-Oct-12,8,Oct-12,2013,
29-Oct-12,9,Nov-12,2013,
30-Oct-12,9,Nov-12,2013,
31-Oct-12,9,Nov-12,2013,
01-Nov-12,9,Nov-12,2013,
02-Nov-12,9,Nov-12,2013,
03-Nov-12,9,Nov-12,2013,
04-Nov-12,9,Nov-12,2013,
05-Nov-12,10,Nov-12,2013,
06-Nov-12,10,Nov-12,2013,
07-Nov-12,10,Nov-12,2013,
08-Nov-12,10,Nov-12,2013,
09-Nov-12,10,Nov-12,2013,
10-Nov-12,10,Nov-12,2013,
11-Nov-12,10,Nov-12,2013,
12-Nov-12,11,Nov-12,2013,
13-Nov-12,11,Nov-12,2013,
14-Nov-12,11,Nov-12,2013,
15-Nov-12,11,Nov-12,2013,
16-Nov-12,11,Nov-12,2013,
17-Nov-12,11,Nov-12,2013,
18-Nov-12,11,Nov-12,2013,
19-Nov-12,12,Nov-12,2013,
20-Nov-12,12,Nov-12,2013,
21-Nov-12,12,Nov-12,2013,
22-Nov-12,12,Nov-12,2013,
23-Nov-12,12,Nov-12,2013,
24-Nov-12,12,Nov-12,2013,
25-Nov-12,12,Nov-12,2013,
26-Nov-12,13,Dec-12,2013,
27-Nov-12,13,Dec-12,2013,
28-Nov-12,13,Dec-12,2013,
29-Nov-12,13,Dec-12,2013,
30-Nov-12,13,Dec-12,2013,
01-Dec-12,13,Dec-12,2013,
02-Dec-12,13,Dec-12,2013,
03-Dec-12,14,Dec-12,2013,
04-Dec-12,14,Dec-12,2013,
05-Dec-12,14,Dec-12,2013,
06-Dec-12,14,Dec-12,2013,
07-Dec-12,14,Dec-12,2013,
08-Dec-12,14,Dec-12,2013,
09-Dec-12,14,Dec-12,2013,
10-Dec-12,15,Dec-12,2013,
11-Dec-12,15,Dec-12,2013,
12-Dec-12,15,Dec-12,2013,
13-Dec-12,15,Dec-12,2013,
14-Dec-12,15,Dec-12,2013,
15-Dec-12,15,Dec-12,2013,
16-Dec-12,15,Dec-12,2013,
17-Dec-12,16,Dec-12,2013,
18-Dec-12,16,Dec-12,2013,
19-Dec-12,16,Dec-12,2013,
20-Dec-12,16,Dec-12,2013,
21-Dec-12,16,Dec-12,2013,
22-Dec-12,16,Dec-12,2013,
23-Dec-12,16,Dec-12,2013,
24-Dec-12,17,Dec-12,2013,
25-Dec-12,17,Dec-12,2013,
26-Dec-12,17,Dec-12,2013,
27-Dec-12,17,Dec-12,2013,
28-Dec-12,17,Dec-12,2013,
29-Dec-12,17,Dec-12,2013,
30-Dec-12,17,Dec-12,2013,
31-Dec-12,18,Jan-13,2013,
01-Jan-13,18,Jan-13,2013,
02-Jan-13,18,Jan-13,2013,
03-Jan-13,18,Jan-13,2013,
04-Jan-13,18,Jan-13,2013,
05-Jan-13,18,Jan-13,2013,
06-Jan-13,18,Jan-13,2013,
07-Jan-13,19,Jan-13,2013,
08-Jan-13,19,Jan-13,2013,
09-Jan-13,19,Jan-13,2013,
10-Jan-13,19,Jan-13,2013,
11-Jan-13,19,Jan-13,2013,
12-Jan-13,19,Jan-13,2013,
13-Jan-13,19,Jan-13,2013,
14-Jan-13,20,Jan-13,2013,
15-Jan-13,20,Jan-13,2013,
16-Jan-13,20,Jan-13,2013,
17-Jan-13,20,Jan-13,2013,
18-Jan-13,20,Jan-13,2013,
19-Jan-13,20,Jan-13,2013,
20-Jan-13,20,Jan-13,2013,
21-Jan-13,21,Jan-13,2013,
22-Jan-13,21,Jan-13,2013,
23-Jan-13,21,Jan-13,2013,
24-Jan-13,21,Jan-13,2013,
25-Jan-13,21,Jan-13,2013,
26-Jan-13,21,Jan-13,2013,
27-Jan-13,21,Jan-13,2013,
28-Jan-13,22,Feb-13,2013,
29-Jan-13,22,Feb-13,2013,
30-Jan-13,22,Feb-13,2013,
31-Jan-13,22,Feb-13,2013,
01-Feb-13,22,Feb-13,2013,
02-Feb-13,22,Feb-13,2013,
03-Feb-13,22,Feb-13,2013,
04-Feb-13,23,Feb-13,2013,
05-Feb-13,23,Feb-13,2013,
06-Feb-13,23,Feb-13,2013,
07-Feb-13,23,Feb-13,2013,
08-Feb-13,23,Feb-13,2013,
09-Feb-13,23,Feb-13,2013,
10-Feb-13,23,Feb-13,2013,
11-Feb-13,24,Feb-13,2013,
12-Feb-13,24,Feb-13,2013,
13-Feb-13,24,Feb-13,2013,
14-Feb-13,24,Feb-13,2013,
15-Feb-13,24,Feb-13,2013,
16-Feb-13,24,Feb-13,2013,
17-Feb-13,24,Feb-13,2013,
18-Feb-13,25,Feb-13,2013,
19-Feb-13,25,Feb-13,2013,
20-Feb-13,25,Feb-13,2013,
21-Feb-13,25,Feb-13,2013,
22-Feb-13,25,Feb-13,2013,
23-Feb-13,25,Feb-13,2013,
24-Feb-13,25,Feb-13,2013,
25-Feb-13,26,Mar-13,2013,
26-Feb-13,26,Mar-13,2013,
27-Feb-13,26,Mar-13,2013,
28-Feb-13,26,Mar-13,2013,
01-Mar-13,26,Mar-13,2013,
02-Mar-13,26,Mar-13,2013,
03-Mar-13,26,Mar-13,2013,
04-Mar-13,27,Mar-13,2013,
05-Mar-13,27,Mar-13,2013,
06-Mar-13,27,Mar-13,2013,
07-Mar-13,27,Mar-13,2013,
08-Mar-13,27,Mar-13,2013,
09-Mar-13,27,Mar-13,2013,
10-Mar-13,27,Mar-13,2013,
11-Mar-13,28,Mar-13,2013,
12-Mar-13,28,Mar-13,2013,
13-Mar-13,28,Mar-13,2013,
14-Mar-13,28,Mar-13,2013,
15-Mar-13,28,Mar-13,2013,
16-Mar-13,28,Mar-13,2013,
17-Mar-13,28,Mar-13,2013,
18-Mar-13,29,Mar-13,2013,
19-Mar-13,29,Mar-13,2013,
20-Mar-13,29,Mar-13,2013,
21-Mar-13,29,Mar-13,2013,
22-Mar-13,29,Mar-13,2013,
23-Mar-13,29,Mar-13,2013,
24-Mar-13,29,Mar-13,2013,
25-Mar-13,30,Mar-13,2013,
26-Mar-13,30,Mar-13,2013,
27-Mar-13,30,Mar-13,2013,
28-Mar-13,30,Mar-13,2013,
29-Mar-13,30,Mar-13,2013,
30-Mar-13,30,Mar-13,2013,
31-Mar-13,30,Mar-13,2013,
01-Apr-13,31,Apr-13,2013,
02-Apr-13,31,Apr-13,2013,
03-Apr-13,31,Apr-13,2013,
04-Apr-13,31,Apr-13,2013,
05-Apr-13,31,Apr-13,2013,
06-Apr-13,31,Apr-13,2013,
07-Apr-13,31,Apr-13,2013,
08-Apr-13,32,Apr-13,2013,
09-Apr-13,32,Apr-13,2013,
10-Apr-13,32,Apr-13,2013,
11-Apr-13,32,Apr-13,2013,
12-Apr-13,32,Apr-13,2013,
13-Apr-13,32,Apr-13,2013,
14-Apr-13,32,Apr-13,2013,
15-Apr-13,33,Apr-13,2013,
16-Apr-13,33,Apr-13,2013,
17-Apr-13,33,Apr-13,2013,
18-Apr-13,33,Apr-13,2013,
19-Apr-13,33,Apr-13,2013,
20-Apr-13,33,Apr-13,2013,
21-Apr-13,33,Apr-13,2013,
22-Apr-13,34,Apr-13,2013,
23-Apr-13,34,Apr-13,2013,
24-Apr-13,34,Apr-13,2013,
25-Apr-13,34,Apr-13,2013,
26-Apr-13,34,Apr-13,2013,
27-Apr-13,34,Apr-13,2013,
28-Apr-13,34,Apr-13,2013,
29-Apr-13,35,May-13,2013,
30-Apr-13,35,May-13,2013,
01-May-13,35,May-13,2013,
02-May-13,35,May-13,2013,
03-May-13,35,May-13,2013,
04-May-13,35,May-13,2013,
05-May-13,35,May-13,2013,
06-May-13,36,May-13,2013,
07-May-13,36,May-13,2013,
08-May-13,36,May-13,2013,
09-May-13,36,May-13,2013,
10-May-13,36,May-13,2013,
11-May-13,36,May-13,2013,
12-May-13,36,May-13,2013,
13-May-13,37,May-13,2013,
14-May-13,37,May-13,2013,
15-May-13,37,May-13,2013,
16-May-13,37,May-13,2013,
17-May-13,37,May-13,2013,
18-May-13,37,May-13,2013,
19-May-13,37,May-13,2013,
20-May-13,38,May-13,2013,
21-May-13,38,May-13,2013,
22-May-13,38,May-13,2013,
23-May-13,38,May-13,2013,
24-May-13,38,May-13,2013,
25-May-13,38,May-13,2013,
26-May-13,38,May-13,2013,
27-May-13,39,Jun-13,2013,
28-May-13,39,Jun-13,2013,
29-May-13,39,Jun-13,2013,
30-May-13,39,Jun-13,2013,
31-May-13,39,Jun-13,2013,
01-Jun-13,39,Jun-13,2013,
02-Jun-13,39,Jun-13,2013,
03-Jun-13,40,Jun-13,2013,
04-Jun-13,40,Jun-13,2013,
05-Jun-13,40,Jun-13,2013,
06-Jun-13,40,Jun-13,2013,
07-Jun-13,40,Jun-13,2013,
08-Jun-13,40,Jun-13,2013,
09-Jun-13,40,Jun-13,2013,
10-Jun-13,41,Jun-13,2013,
11-Jun-13,41,Jun-13,2013,
12-Jun-13,41,Jun-13,2013,
13-Jun-13,41,Jun-13,2013,
14-Jun-13,41,Jun-13,2013,
15-Jun-13,41,Jun-13,2013,
16-Jun-13,41,Jun-13,2013,
17-Jun-13,42,Jun-13,2013,
18-Jun-13,42,Jun-13,2013,
19-Jun-13,42,Jun-13,2013,
20-Jun-13,42,Jun-13,2013,
21-Jun-13,42,Jun-13,2013,
22-Jun-13,42,Jun-13,2013,
23-Jun-13,42,Jun-13,2013,
24-Jun-13,43,Jun-13,2013,
25-Jun-13,43,Jun-13,2013,
26-Jun-13,43,Jun-13,2013,
27-Jun-13,43,Jun-13,2013,
28-Jun-13,43,Jun-13,2013,
29-Jun-13,43,Jun-13,2013,
30-Jun-13,43,Jun-13,2013,
01-Jul-13,44,Jul-13,2013,
02-Jul-13,44,Jul-13,2013,
03-Jul-13,44,Jul-13,2013,
04-Jul-13,44,Jul-13,2013,
05-Jul-13,44,Jul-13,2013,
06-Jul-13,44,Jul-13,2013,
07-Jul-13,44,Jul-13,2013,
08-Jul-13,45,Jul-13,2013,
09-Jul-13,45,Jul-13,2013,
10-Jul-13,45,Jul-13,2013,
11-Jul-13,45,Jul-13,2013,
12-Jul-13,45,Jul-13,2013,
13-Jul-13,45,Jul-13,2013,
14-Jul-13,45,Jul-13,2013,
15-Jul-13,46,Jul-13,2013,
16-Jul-13,46,Jul-13,2013,
17-Jul-13,46,Jul-13,2013,
18-Jul-13,46,Jul-13,2013,
19-Jul-13,46,Jul-13,2013,
20-Jul-13,46,Jul-13,2013,
21-Jul-13,46,Jul-13,2013,
22-Jul-13,47,Jul-13,2013,
23-Jul-13,47,Jul-13,2013,
24-Jul-13,47,Jul-13,2013,
25-Jul-13,47,Jul-13,2013,
26-Jul-13,47,Jul-13,2013,
27-Jul-13,47,Jul-13,2013,
28-Jul-13,47,Jul-13,2013,
29-Jul-13,48,Aug-13,2013,
30-Jul-13,48,Aug-13,2013,
31-Jul-13,48,Aug-13,2013,
01-Aug-13,48,Aug-13,2013,
02-Aug-13,48,Aug-13,2013,
03-Aug-13,48,Aug-13,2013,
04-Aug-13,48,Aug-13,2013,
05-Aug-13,49,Aug-13,2013,
06-Aug-13,49,Aug-13,2013,
07-Aug-13,49,Aug-13,2013,
08-Aug-13,49,Aug-13,2013,
09-Aug-13,49,Aug-13,2013,
10-Aug-13,49,Aug-13,2013,
11-Aug-13,49,Aug-13,2013,
12-Aug-13,50,Aug-13,2013,
13-Aug-13,50,Aug-13,2013,
14-Aug-13,50,Aug-13,2013,
15-Aug-13,50,Aug-13,2013,
16-Aug-13,50,Aug-13,2013,
17-Aug-13,50,Aug-13,2013,
18-Aug-13,50,Aug-13,2013,
19-Aug-13,51,Aug-13,2013,
20-Aug-13,51,Aug-13,2013,
21-Aug-13,51,Aug-13,2013,
22-Aug-13,51,Aug-13,2013,
23-Aug-13,51,Aug-13,2013,
24-Aug-13,51,Aug-13,2013,
25-Aug-13,51,Aug-13,2013,
26-Aug-13,52,Aug-13,2013,
27-Aug-13,52,Aug-13,2013,
28-Aug-13,52,Aug-13,2013,
29-Aug-13,52,Aug-13,2013,
30-Aug-13,52,Aug-13,2013,
31-Aug-13,52,Aug-13,2013,
01-Sep-13,52,Aug-13,2013,
02-Sep-13,1,Sep-13,2014,
03-Sep-13,1,Sep-13,2014,
04-Sep-13,1,Sep-13,2014,
05-Sep-13,1,Sep-13,2014,
06-Sep-13,1,Sep-13,2014,
07-Sep-13,1,Sep-13,2014,
08-Sep-13,1,Sep-13,2014,
09-Sep-13,2,Sep-13,2014,
10-Sep-13,2,Sep-13,2014,
11-Sep-13,2,Sep-13,2014,
12-Sep-13,2,Sep-13,2014,
13-Sep-13,2,Sep-13,2014,
14-Sep-13,2,Sep-13,2014,
15-Sep-13,2,Sep-13,2014,
16-Sep-13,3,Sep-13,2014,
17-Sep-13,3,Sep-13,2014,
18-Sep-13,3,Sep-13,2014,
19-Sep-13,3,Sep-13,2014,
20-Sep-13,3,Sep-13,2014,
21-Sep-13,3,Sep-13,2014,
22-Sep-13,3,Sep-13,2014,
23-Sep-13,4,Sep-13,2014,
24-Sep-13,4,Sep-13,2014,
25-Sep-13,4,Sep-13,2014,
26-Sep-13,4,Sep-13,2014,
27-Sep-13,4,Sep-13,2014,
28-Sep-13,4,Sep-13,2014,
29-Sep-13,4,Sep-13,2014,
30-Sep-13,5,Oct-13,2014,
01-Oct-13,5,Oct-13,2014,
02-Oct-13,5,Oct-13,2014,
03-Oct-13,5,Oct-13,2014,
04-Oct-13,5,Oct-13,2014,
05-Oct-13,5,Oct-13,2014,
06-Oct-13,5,Oct-13,2014,
07-Oct-13,6,Oct-13,2014,
08-Oct-13,6,Oct-13,2014,
09-Oct-13,6,Oct-13,2014,
10-Oct-13,6,Oct-13,2014,
11-Oct-13,6,Oct-13,2014,
12-Oct-13,6,Oct-13,2014,
13-Oct-13,6,Oct-13,2014,
14-Oct-13,7,Oct-13,2014,
15-Oct-13,7,Oct-13,2014,
16-Oct-13,7,Oct-13,2014,
17-Oct-13,7,Oct-13,2014,
18-Oct-13,7,Oct-13,2014,
19-Oct-13,7,Oct-13,2014,
20-Oct-13,7,Oct-13,2014,
21-Oct-13,8,Oct-13,2014,
22-Oct-13,8,Oct-13,2014,
23-Oct-13,8,Oct-13,2014,
24-Oct-13,8,Oct-13,2014,
25-Oct-13,8,Oct-13,2014,
26-Oct-13,8,Oct-13,2014,
27-Oct-13,8,Oct-13,2014,
28-Oct-13,9,Nov-13,2014,
29-Oct-13,9,Nov-13,2014,
30-Oct-13,9,Nov-13,2014,
31-Oct-13,9,Nov-13,2014,
01-Nov-13,9,Nov-13,2014,
02-Nov-13,9,Nov-13,2014,
03-Nov-13,9,Nov-13,2014,
04-Nov-13,10,Nov-13,2014,
05-Nov-13,10,Nov-13,2014,
06-Nov-13,10,Nov-13,2014,
07-Nov-13,10,Nov-13,2014,
08-Nov-13,10,Nov-13,2014,
09-Nov-13,10,Nov-13,2014,
10-Nov-13,10,Nov-13,2014,
11-Nov-13,11,Nov-13,2014,
12-Nov-13,11,Nov-13,2014,
13-Nov-13,11,Nov-13,2014,
14-Nov-13,11,Nov-13,2014,
15-Nov-13,11,Nov-13,2014,
16-Nov-13,11,Nov-13,2014,
17-Nov-13,11,Nov-13,2014,
18-Nov-13,12,Nov-13,2014,
19-Nov-13,12,Nov-13,2014,
20-Nov-13,12,Nov-13,2014,
21-Nov-13,12,Nov-13,2014,
22-Nov-13,12,Nov-13,2014,
23-Nov-13,12,Nov-13,2014,
24-Nov-13,12,Nov-13,2014,
25-Nov-13,13,Dec-13,2014,
26-Nov-13,13,Dec-13,2014,
27-Nov-13,13,Dec-13,2014,
28-Nov-13,13,Dec-13,2014,
29-Nov-13,13,Dec-13,2014,
30-Nov-13,13,Dec-13,2014,
01-Dec-13,13,Dec-13,2014,
02-Dec-13,14,Dec-13,2014,
03-Dec-13,14,Dec-13,2014,
04-Dec-13,14,Dec-13,2014,
05-Dec-13,14,Dec-13,2014,
06-Dec-13,14,Dec-13,2014,
07-Dec-13,14,Dec-13,2014,
08-Dec-13,14,Dec-13,2014,
09-Dec-13,15,Dec-13,2014,
10-Dec-13,15,Dec-13,2014,
11-Dec-13,15,Dec-13,2014,
12-Dec-13,15,Dec-13,2014,
13-Dec-13,15,Dec-13,2014,
14-Dec-13,15,Dec-13,2014,
15-Dec-13,15,Dec-13,2014,
16-Dec-13,16,Dec-13,2014,
17-Dec-13,16,Dec-13,2014,
18-Dec-13,16,Dec-13,2014,
19-Dec-13,16,Dec-13,2014,
20-Dec-13,16,Dec-13,2014,
21-Dec-13,16,Dec-13,2014,
22-Dec-13,16,Dec-13,2014,
23-Dec-13,17,Dec-13,2014,
24-Dec-13,17,Dec-13,2014,
25-Dec-13,17,Dec-13,2014,
26-Dec-13,17,Dec-13,2014,
27-Dec-13,17,Dec-13,2014,
28-Dec-13,17,Dec-13,2014,
29-Dec-13,17,Dec-13,2014,
30-Dec-13,18,Jan-14,2014,
31-Dec-13,18,Jan-14,2014,
01-Jan-14,18,Jan-14,2014,
02-Jan-14,18,Jan-14,2014,
03-Jan-14,18,Jan-14,2014,
04-Jan-14,18,Jan-14,2014,
05-Jan-14,18,Jan-14,2014,
06-Jan-14,19,Jan-14,2014,
07-Jan-14,19,Jan-14,2014,
08-Jan-14,19,Jan-14,2014,
09-Jan-14,19,Jan-14,2014,
10-Jan-14,19,Jan-14,2014,
11-Jan-14,19,Jan-14,2014,
12-Jan-14,19,Jan-14,2014,
13-Jan-14,20,Jan-14,2014,
14-Jan-14,20,Jan-14,2014,
15-Jan-14,20,Jan-14,2014,
16-Jan-14,20,Jan-14,2014,
17-Jan-14,20,Jan-14,2014,
18-Jan-14,20,Jan-14,2014,
19-Jan-14,20,Jan-14,2014,
20-Jan-14,21,Jan-14,2014,
21-Jan-14,21,Jan-14,2014,
22-Jan-14,21,Jan-14,2014,
23-Jan-14,21,Jan-14,2014,
24-Jan-14,21,Jan-14,2014,
25-Jan-14,21,Jan-14,2014,
26-Jan-14,21,Jan-14,2014,
27-Jan-14,22,Feb-14,2014,
28-Jan-14,22,Feb-14,2014,
29-Jan-14,22,Feb-14,2014,
30-Jan-14,22,Feb-14,2014,
31-Jan-14,22,Feb-14,2014,
01-Feb-14,22,Feb-14,2014,
02-Feb-14,22,Feb-14,2014,
03-Feb-14,23,Feb-14,2014,
04-Feb-14,23,Feb-14,2014,
05-Feb-14,23,Feb-14,2014,
06-Feb-14,23,Feb-14,2014,
07-Feb-14,23,Feb-14,2014,
08-Feb-14,23,Feb-14,2014,
09-Feb-14,23,Feb-14,2014,
10-Feb-14,24,Feb-14,2014,
11-Feb-14,24,Feb-14,2014,
12-Feb-14,24,Feb-14,2014,
13-Feb-14,24,Feb-14,2014,
14-Feb-14,24,Feb-14,2014,
15-Feb-14,24,Feb-14,2014,
16-Feb-14,24,Feb-14,2014,
17-Feb-14,25,Feb-14,2014,
18-Feb-14,25,Feb-14,2014,
19-Feb-14,25,Feb-14,2014,
20-Feb-14,25,Feb-14,2014,
21-Feb-14,25,Feb-14,2014,
22-Feb-14,25,Feb-14,2014,
23-Feb-14,25,Feb-14,2014,
24-Feb-14,26,Mar-14,2014,
25-Feb-14,26,Mar-14,2014,
26-Feb-14,26,Mar-14,2014,
27-Feb-14,26,Mar-14,2014,
28-Feb-14,26,Mar-14,2014,
01-Mar-14,26,Mar-14,2014,
02-Mar-14,26,Mar-14,2014,
03-Mar-14,27,Mar-14,2014,
04-Mar-14,27,Mar-14,2014,
05-Mar-14,27,Mar-14,2014,
06-Mar-14,27,Mar-14,2014,
07-Mar-14,27,Mar-14,2014,
08-Mar-14,27,Mar-14,2014,
09-Mar-14,27,Mar-14,2014,
10-Mar-14,28,Mar-14,2014,
11-Mar-14,28,Mar-14,2014,
12-Mar-14,28,Mar-14,2014,
13-Mar-14,28,Mar-14,2014,
14-Mar-14,28,Mar-14,2014,
15-Mar-14,28,Mar-14,2014,
16-Mar-14,28,Mar-14,2014,
17-Mar-14,29,Mar-14,2014,
18-Mar-14,29,Mar-14,2014,
19-Mar-14,29,Mar-14,2014,
20-Mar-14,29,Mar-14,2014,
21-Mar-14,29,Mar-14,2014,
22-Mar-14,29,Mar-14,2014,
23-Mar-14,29,Mar-14,2014,
24-Mar-14,30,Mar-14,2014,
25-Mar-14,30,Mar-14,2014,
26-Mar-14,30,Mar-14,2014,
27-Mar-14,30,Mar-14,2014,
28-Mar-14,30,Mar-14,2014,
29-Mar-14,30,Mar-14,2014,
30-Mar-14,30,Mar-14,2014,
31-Mar-14,31,Apr-14,2014,
01-Apr-14,31,Apr-14,2014,
02-Apr-14,31,Apr-14,2014,
03-Apr-14,31,Apr-14,2014,
04-Apr-14,31,Apr-14,2014,
05-Apr-14,31,Apr-14,2014,
06-Apr-14,31,Apr-14,2014,
07-Apr-14,32,Apr-14,2014,
08-Apr-14,32,Apr-14,2014,
09-Apr-14,32,Apr-14,2014,
10-Apr-14,32,Apr-14,2014,
11-Apr-14,32,Apr-14,2014,
12-Apr-14,32,Apr-14,2014,
13-Apr-14,32,Apr-14,2014,
14-Apr-14,33,Apr-14,2014,
15-Apr-14,33,Apr-14,2014,
16-Apr-14,33,Apr-14,2014,
17-Apr-14,33,Apr-14,2014,
18-Apr-14,33,Apr-14,2014,
19-Apr-14,33,Apr-14,2014,
20-Apr-14,33,Apr-14,2014,
21-Apr-14,34,Apr-14,2014,
22-Apr-14,34,Apr-14,2014,
23-Apr-14,34,Apr-14,2014,
24-Apr-14,34,Apr-14,2014,
25-Apr-14,34,Apr-14,2014,
26-Apr-14,34,Apr-14,2014,
27-Apr-14,34,Apr-14,2014,
28-Apr-14,35,May-14,2014,
29-Apr-14,35,May-14,2014,
30-Apr-14,35,May-14,2014,
01-May-14,35,May-14,2014,
02-May-14,35,May-14,2014,
03-May-14,35,May-14,2014,
04-May-14,35,May-14,2014,
05-May-14,36,May-14,2014,
06-May-14,36,May-14,2014,
07-May-14,36,May-14,2014,
08-May-14,36,May-14,2014,
09-May-14,36,May-14,2014,
10-May-14,36,May-14,2014,
11-May-14,36,May-14,2014,
12-May-14,37,May-14,2014,
13-May-14,37,May-14,2014,
14-May-14,37,May-14,2014,
15-May-14,37,May-14,2014,
16-May-14,37,May-14,2014,
17-May-14,37,May-14,2014,
18-May-14,37,May-14,2014,
19-May-14,38,May-14,2014,
20-May-14,38,May-14,2014,
21-May-14,38,May-14,2014,
22-May-14,38,May-14,2014,
23-May-14,38,May-14,2014,
24-May-14,38,May-14,2014,
25-May-14,38,May-14,2014,
26-May-14,39,Jun-14,2014,
27-May-14,39,Jun-14,2014,
28-May-14,39,Jun-14,2014,
29-May-14,39,Jun-14,2014,
30-May-14,39,Jun-14,2014,
31-May-14,39,Jun-14,2014,
01-Jun-14,39,Jun-14,2014,
02-Jun-14,40,Jun-14,2014,
03-Jun-14,40,Jun-14,2014,
04-Jun-14,40,Jun-14,2014,
05-Jun-14,40,Jun-14,2014,
06-Jun-14,40,Jun-14,2014,
07-Jun-14,40,Jun-14,2014,
08-Jun-14,40,Jun-14,2014,
09-Jun-14,41,Jun-14,2014,
10-Jun-14,41,Jun-14,2014,
11-Jun-14,41,Jun-14,2014,
12-Jun-14,41,Jun-14,2014,
13-Jun-14,41,Jun-14,2014,
14-Jun-14,41,Jun-14,2014,
15-Jun-14,41,Jun-14,2014,
16-Jun-14,42,Jun-14,2014,
17-Jun-14,42,Jun-14,2014,
18-Jun-14,42,Jun-14,2014,
19-Jun-14,42,Jun-14,2014,
20-Jun-14,42,Jun-14,2014,
21-Jun-14,42,Jun-14,2014,
22-Jun-14,42,Jun-14,2014,
23-Jun-14,43,Jun-14,2014,
24-Jun-14,43,Jun-14,2014,
25-Jun-14,43,Jun-14,2014,
26-Jun-14,43,Jun-14,2014,
27-Jun-14,43,Jun-14,2014,
28-Jun-14,43,Jun-14,2014,
29-Jun-14,43,Jun-14,2014,
30-Jun-14,44,Jul-14,2014,
01-Jul-14,44,Jul-14,2014,
02-Jul-14,44,Jul-14,2014,
03-Jul-14,44,Jul-14,2014,
04-Jul-14,44,Jul-14,2014,
05-Jul-14,44,Jul-14,2014,
06-Jul-14,44,Jul-14,2014,
07-Jul-14,45,Jul-14,2014,
08-Jul-14,45,Jul-14,2014,
09-Jul-14,45,Jul-14,2014,
10-Jul-14,45,Jul-14,2014,
11-Jul-14,45,Jul-14,2014,
12-Jul-14,45,Jul-14,2014,
13-Jul-14,45,Jul-14,2014,
14-Jul-14,46,Jul-14,2014,
15-Jul-14,46,Jul-14,2014,
16-Jul-14,46,Jul-14,2014,
17-Jul-14,46,Jul-14,2014,
18-Jul-14,46,Jul-14,2014,
19-Jul-14,46,Jul-14,2014,
20-Jul-14,46,Jul-14,2014,
21-Jul-14,47,Jul-14,2014,
22-Jul-14,47,Jul-14,2014,
23-Jul-14,47,Jul-14,2014,
24-Jul-14,47,Jul-14,2014,
25-Jul-14,47,Jul-14,2014,
26-Jul-14,47,Jul-14,2014,
27-Jul-14,47,Jul-14,2014,
28-Jul-14,48,Aug-14,2014,
29-Jul-14,48,Aug-14,2014,
30-Jul-14,48,Aug-14,2014,
31-Jul-14,48,Aug-14,2014,
01-Aug-14,48,Aug-14,2014,
02-Aug-14,48,Aug-14,2014,
03-Aug-14,48,Aug-14,2014,
04-Aug-14,49,Aug-14,2014,
05-Aug-14,49,Aug-14,2014,
06-Aug-14,49,Aug-14,2014,
07-Aug-14,49,Aug-14,2014,
08-Aug-14,49,Aug-14,2014,
09-Aug-14,49,Aug-14,2014,
10-Aug-14,49,Aug-14,2014,
11-Aug-14,50,Aug-14,2014,
12-Aug-14,50,Aug-14,2014,
13-Aug-14,50,Aug-14,2014,
14-Aug-14,50,Aug-14,2014,
15-Aug-14,50,Aug-14,2014,
16-Aug-14,50,Aug-14,2014,
17-Aug-14,50,Aug-14,2014,
18-Aug-14,51,Aug-14,2014,
19-Aug-14,51,Aug-14,2014,
20-Aug-14,51,Aug-14,2014,
21-Aug-14,51,Aug-14,2014,
22-Aug-14,51,Aug-14,2014,
23-Aug-14,51,Aug-14,2014,
24-Aug-14,51,Aug-14,2014,
25-Aug-14,52,Aug-14,2014,
26-Aug-14,52,Aug-14,2014,
27-Aug-14,52,Aug-14,2014,
28-Aug-14,52,Aug-14,2014,
29-Aug-14,52,Aug-14,2014,
30-Aug-14,52,Aug-14,2014,
31-Aug-14,52,Aug-14,2014,
01-Sep-14,1,Sep-14,2015,
02-Sep-14,1,Sep-14,2015,
03-Sep-14,1,Sep-14,2015,
04-Sep-14,1,Sep-14,2015,
05-Sep-14,1,Sep-14,2015,
06-Sep-14,1,Sep-14,2015,
07-Sep-14,1,Sep-14,2015,
08-Sep-14,2,Sep-14,2015,
09-Sep-14,2,Sep-14,2015,
10-Sep-14,2,Sep-14,2015,
11-Sep-14,2,Sep-14,2015,
12-Sep-14,2,Sep-14,2015,
13-Sep-14,2,Sep-14,2015,
14-Sep-14,2,Sep-14,2015,
15-Sep-14,3,Sep-14,2015,
16-Sep-14,3,Sep-14,2015,
17-Sep-14,3,Sep-14,2015,
18-Sep-14,3,Sep-14,2015,
19-Sep-14,3,Sep-14,2015,
20-Sep-14,3,Sep-14,2015,
21-Sep-14,3,Sep-14,2015,
22-Sep-14,4,Sep-14,2015,
23-Sep-14,4,Sep-14,2015,
24-Sep-14,4,Sep-14,2015,
25-Sep-14,4,Sep-14,2015,
26-Sep-14,4,Sep-14,2015,
27-Sep-14,4,Sep-14,2015,
28-Sep-14,4,Sep-14,2015,
29-Sep-14,5,Oct-14,2015,
30-Sep-14,5,Oct-14,2015,
01-Oct-14,5,Oct-14,2015,
02-Oct-14,5,Oct-14,2015,
03-Oct-14,5,Oct-14,2015,
04-Oct-14,5,Oct-14,2015,
05-Oct-14,5,Oct-14,2015,
06-Oct-14,6,Oct-14,2015,
07-Oct-14,6,Oct-14,2015,
08-Oct-14,6,Oct-14,2015,
09-Oct-14,6,Oct-14,2015,
10-Oct-14,6,Oct-14,2015,
11-Oct-14,6,Oct-14,2015,
12-Oct-14,6,Oct-14,2015,
13-Oct-14,7,Oct-14,2015,
14-Oct-14,7,Oct-14,2015,
15-Oct-14,7,Oct-14,2015,
16-Oct-14,7,Oct-14,2015,
17-Oct-14,7,Oct-14,2015,
18-Oct-14,7,Oct-14,2015,
19-Oct-14,7,Oct-14,2015,
20-Oct-14,8,Oct-14,2015,
21-Oct-14,8,Oct-14,2015,
22-Oct-14,8,Oct-14,2015,
23-Oct-14,8,Oct-14,2015,
24-Oct-14,8,Oct-14,2015,
25-Oct-14,8,Oct-14,2015,
26-Oct-14,8,Oct-14,2015,
27-Oct-14,9,Nov-14,2015,
28-Oct-14,9,Nov-14,2015,
29-Oct-14,9,Nov-14,2015,
30-Oct-14,9,Nov-14,2015,
31-Oct-14,9,Nov-14,2015,
01-Nov-14,9,Nov-14,2015,
02-Nov-14,9,Nov-14,2015,
03-Nov-14,10,Nov-14,2015,
04-Nov-14,10,Nov-14,2015,
05-Nov-14,10,Nov-14,2015,
06-Nov-14,10,Nov-14,2015,
07-Nov-14,10,Nov-14,2015,
08-Nov-14,10,Nov-14,2015,
09-Nov-14,10,Nov-14,2015,
10-Nov-14,11,Nov-14,2015,
11-Nov-14,11,Nov-14,2015,
12-Nov-14,11,Nov-14,2015,
13-Nov-14,11,Nov-14,2015,
14-Nov-14,11,Nov-14,2015,
15-Nov-14,11,Nov-14,2015,
16-Nov-14,11,Nov-14,2015,
17-Nov-14,12,Nov-14,2015,
18-Nov-14,12,Nov-14,2015,
19-Nov-14,12,Nov-14,2015,
20-Nov-14,12,Nov-14,2015,
21-Nov-14,12,Nov-14,2015,
22-Nov-14,12,Nov-14,2015,
23-Nov-14,12,Nov-14,2015,
24-Nov-14,13,Dec-14,2015,
25-Nov-14,13,Dec-14,2015,
26-Nov-14,13,Dec-14,2015,
27-Nov-14,13,Dec-14,2015,
28-Nov-14,13,Dec-14,2015,
29-Nov-14,13,Dec-14,2015,
30-Nov-14,13,Dec-14,2015,
01-Dec-14,14,Dec-14,2015,
02-Dec-14,14,Dec-14,2015,
03-Dec-14,14,Dec-14,2015,
04-Dec-14,14,Dec-14,2015,
05-Dec-14,14,Dec-14,2015,
06-Dec-14,14,Dec-14,2015,
07-Dec-14,14,Dec-14,2015,
08-Dec-14,15,Dec-14,2015,
09-Dec-14,15,Dec-14,2015,
10-Dec-14,15,Dec-14,2015,
11-Dec-14,15,Dec-14,2015,
12-Dec-14,15,Dec-14,2015,
13-Dec-14,15,Dec-14,2015,
14-Dec-14,15,Dec-14,2015,
15-Dec-14,16,Dec-14,2015,
16-Dec-14,16,Dec-14,2015,
17-Dec-14,16,Dec-14,2015,
18-Dec-14,16,Dec-14,2015,
19-Dec-14,16,Dec-14,2015,
20-Dec-14,16,Dec-14,2015,
21-Dec-14,16,Dec-14,2015,
22-Dec-14,17,Dec-14,2015,
23-Dec-14,17,Dec-14,2015,
24-Dec-14,17,Dec-14,2015,
25-Dec-14,17,Dec-14,2015,
26-Dec-14,17,Dec-14,2015,
27-Dec-14,17,Dec-14,2015,
28-Dec-14,17,Dec-14,2015,
29-Dec-14,18,Jan-15,2015,
30-Dec-14,18,Jan-15,2015,
31-Dec-14,18,Jan-15,2015,
01-Jan-15,18,Jan-15,2015,
02-Jan-15,18,Jan-15,2015,
03-Jan-15,18,Jan-15,2015,
04-Jan-15,18,Jan-15,2015,
05-Jan-15,19,Jan-15,2015,
06-Jan-15,19,Jan-15,2015,
07-Jan-15,19,Jan-15,2015,
08-Jan-15,19,Jan-15,2015,
09-Jan-15,19,Jan-15,2015,
10-Jan-15,19,Jan-15,2015,
11-Jan-15,19,Jan-15,2015,
12-Jan-15,20,Jan-15,2015,
13-Jan-15,20,Jan-15,2015,
14-Jan-15,20,Jan-15,2015,
15-Jan-15,20,Jan-15,2015,
16-Jan-15,20,Jan-15,2015,
17-Jan-15,20,Jan-15,2015,
18-Jan-15,20,Jan-15,2015,
19-Jan-15,21,Jan-15,2015,
20-Jan-15,21,Jan-15,2015,
21-Jan-15,21,Jan-15,2015,
22-Jan-15,21,Jan-15,2015,
23-Jan-15,21,Jan-15,2015,
24-Jan-15,21,Jan-15,2015,
25-Jan-15,21,Jan-15,2015,
26-Jan-15,22,Feb-15,2015,
27-Jan-15,22,Feb-15,2015,
28-Jan-15,22,Feb-15,2015,
29-Jan-15,22,Feb-15,2015,
30-Jan-15,22,Feb-15,2015,
31-Jan-15,22,Feb-15,2015,
01-Feb-15,22,Feb-15,2015,
02-Feb-15,23,Feb-15,2015,
03-Feb-15,23,Feb-15,2015,
04-Feb-15,23,Feb-15,2015,
05-Feb-15,23,Feb-15,2015,
06-Feb-15,23,Feb-15,2015,
07-Feb-15,23,Feb-15,2015,
08-Feb-15,23,Feb-15,2015,
09-Feb-15,24,Feb-15,2015,
10-Feb-15,24,Feb-15,2015,
11-Feb-15,24,Feb-15,2015,
12-Feb-15,24,Feb-15,2015,
13-Feb-15,24,Feb-15,2015,
14-Feb-15,24,Feb-15,2015,
15-Feb-15,24,Feb-15,2015,
16-Feb-15,25,Feb-15,2015,
17-Feb-15,25,Feb-15,2015,
18-Feb-15,25,Feb-15,2015,
19-Feb-15,25,Feb-15,2015,
20-Feb-15,25,Feb-15,2015,
21-Feb-15,25,Feb-15,2015,
22-Feb-15,25,Feb-15,2015,
23-Feb-15,26,Feb-15,2015,
24-Feb-15,26,Feb-15,2015,
25-Feb-15,26,Feb-15,2015,
26-Feb-15,26,Feb-15,2015,
27-Feb-15,26,Feb-15,2015,
28-Feb-15,26,Feb-15,2015,
01-Mar-15,26,Mar-15,2015,
02-Mar-15,27,Mar-15,2015,
03-Mar-15,27,Mar-15,2015,
04-Mar-15,27,Mar-15,2015,
05-Mar-15,27,Mar-15,2015,
06-Mar-15,27,Mar-15,2015,
07-Mar-15,27,Mar-15,2015,
08-Mar-15,27,Mar-15,2015,
09-Mar-15,28,Mar-15,2015,
10-Mar-15,28,Mar-15,2015,
11-Mar-15,28,Mar-15,2015,
12-Mar-15,28,Mar-15,2015,
13-Mar-15,28,Mar-15,2015,
14-Mar-15,28,Mar-15,2015,
15-Mar-15,28,Mar-15,2015,
16-Mar-15,29,Mar-15,2015,
17-Mar-15,29,Mar-15,2015,
18-Mar-15,29,Mar-15,2015,
19-Mar-15,29,Mar-15,2015,
20-Mar-15,29,Mar-15,2015,
21-Mar-15,29,Mar-15,2015,
22-Mar-15,29,Mar-15,2015,
23-Mar-15,30,Mar-15,2015,
24-Mar-15,30,Mar-15,2015,
25-Mar-15,30,Mar-15,2015,
26-Mar-15,30,Mar-15,2015,
27-Mar-15,30,Mar-15,2015,
28-Mar-15,30,Mar-15,2015,
29-Mar-15,30,Mar-15,2015,
30-Mar-15,31,Apr-15,2015,
31-Mar-15,31,Apr-15,2015,
01-Apr-15,31,Apr-15,2015,
02-Apr-15,31,Apr-15,2015,
03-Apr-15,31,Apr-15,2015,
04-Apr-15,31,Apr-15,2015,
05-Apr-15,31,Apr-15,2015,
06-Apr-15,32,Apr-15,2015,
07-Apr-15,32,Apr-15,2015,
08-Apr-15,32,Apr-15,2015,
09-Apr-15,32,Apr-15,2015,
10-Apr-15,32,Apr-15,2015,
11-Apr-15,32,Apr-15,2015,
12-Apr-15,32,Apr-15,2015,
13-Apr-15,33,Apr-15,2015,
14-Apr-15,33,Apr-15,2015,
15-Apr-15,33,Apr-15,2015,
16-Apr-15,33,Apr-15,2015,
17-Apr-15,33,Apr-15,2015,
18-Apr-15,33,Apr-15,2015,
19-Apr-15,33,Apr-15,2015,
20-Apr-15,34,Apr-15,2015,
21-Apr-15,34,Apr-15,2015,
22-Apr-15,34,Apr-15,2015,
23-Apr-15,34,Apr-15,2015,
24-Apr-15,34,Apr-15,2015,
25-Apr-15,34,Apr-15,2015,
26-Apr-15,34,Apr-15,2015,
27-Apr-15,35,May-15,2015,
28-Apr-15,35,May-15,2015,
29-Apr-15,35,May-15,2015,
30-Apr-15,35,May-15,2015,
01-May-15,35,May-15,2015,
02-May-15,35,May-15,2015,
03-May-15,35,May-15,2015,
04-May-15,36,May-15,2015,
05-May-15,36,May-15,2015,
06-May-15,36,May-15,2015,
07-May-15,36,May-15,2015,
08-May-15,36,May-15,2015,
09-May-15,36,May-15,2015,
10-May-15,36,May-15,2015,
11-May-15,37,May-15,2015,
12-May-15,37,May-15,2015,
13-May-15,37,May-15,2015,
14-May-15,37,May-15,2015,
15-May-15,37,May-15,2015,
16-May-15,37,May-15,2015,
17-May-15,37,May-15,2015,
18-May-15,38,May-15,2015,
19-May-15,38,May-15,2015,
20-May-15,38,May-15,2015,
21-May-15,38,May-15,2015,
22-May-15,38,May-15,2015,
23-May-15,38,May-15,2015,
24-May-15,38,May-15,2015,
25-May-15,39,May-15,2015,
26-May-15,39,May-15,2015,
27-May-15,39,May-15,2015,
28-May-15,39,May-15,2015,
29-May-15,39,May-15,2015,
30-May-15,39,May-15,2015,
31-May-15,39,May-15,2015,
01-Jun-15,40,Jun-15,2015,
02-Jun-15,40,Jun-15,2015,
03-Jun-15,40,Jun-15,2015,
04-Jun-15,40,Jun-15,2015,
05-Jun-15,40,Jun-15,2015,
06-Jun-15,40,Jun-15,2015,
07-Jun-15,40,Jun-15,2015,
08-Jun-15,41,Jun-15,2015,
09-Jun-15,41,Jun-15,2015,
10-Jun-15,41,Jun-15,2015,
11-Jun-15,41,Jun-15,2015,
12-Jun-15,41,Jun-15,2015,
13-Jun-15,41,Jun-15,2015,
14-Jun-15,41,Jun-15,2015,
15-Jun-15,42,Jun-15,2015,
16-Jun-15,42,Jun-15,2015,
17-Jun-15,42,Jun-15,2015,
18-Jun-15,42,Jun-15,2015,
19-Jun-15,42,Jun-15,2015,
20-Jun-15,42,Jun-15,2015,
21-Jun-15,42,Jun-15,2015,
22-Jun-15,43,Jun-15,2015,
23-Jun-15,43,Jun-15,2015,
24-Jun-15,43,Jun-15,2015,
25-Jun-15,43,Jun-15,2015,
26-Jun-15,43,Jun-15,2015,
27-Jun-15,43,Jun-15,2015,
28-Jun-15,43,Jun-15,2015,
29-Jun-15,44,Jul-15,2015,
30-Jun-15,44,Jul-15,2015,
01-Jul-15,44,Jul-15,2015,
02-Jul-15,44,Jul-15,2015,
03-Jul-15,44,Jul-15,2015,
04-Jul-15,44,Jul-15,2015,
05-Jul-15,44,Jul-15,2015,
06-Jul-15,45,Jul-15,2015,
07-Jul-15,45,Jul-15,2015,
08-Jul-15,45,Jul-15,2015,
09-Jul-15,45,Jul-15,2015,
10-Jul-15,45,Jul-15,2015,
11-Jul-15,45,Jul-15,2015,
12-Jul-15,45,Jul-15,2015,
13-Jul-15,46,Jul-15,2015,
14-Jul-15,46,Jul-15,2015,
15-Jul-15,46,Jul-15,2015,
16-Jul-15,46,Jul-15,2015,
17-Jul-15,46,Jul-15,2015,
18-Jul-15,46,Jul-15,2015,
19-Jul-15,46,Jul-15,2015,
20-Jul-15,47,Jul-15,2015,
21-Jul-15,47,Jul-15,2015,
22-Jul-15,47,Jul-15,2015,
23-Jul-15,47,Jul-15,2015,
24-Jul-15,47,Jul-15,2015,
25-Jul-15,47,Jul-15,2015,
26-Jul-15,47,Jul-15,2015,
27-Jul-15,48,Jul-15,2015,
28-Jul-15,48,Jul-15,2015,
29-Jul-15,48,Jul-15,2015,
30-Jul-15,48,Jul-15,2015,
31-Jul-15,48,Jul-15,2015,
01-Aug-15,48,Jul-15,2015,
02-Aug-15,48,Jul-15,2015,
03-Aug-15,49,Aug-15,2015,
04-Aug-15,49,Aug-15,2015,
05-Aug-15,49,Aug-15,2015,
06-Aug-15,49,Aug-15,2015,
07-Aug-15,49,Aug-15,2015,
08-Aug-15,49,Aug-15,2015,
09-Aug-15,49,Aug-15,2015,
10-Aug-15,50,Aug-15,2015,
11-Aug-15,50,Aug-15,2015,
12-Aug-15,50,Aug-15,2015,
13-Aug-15,50,Aug-15,2015,
14-Aug-15,50,Aug-15,2015,
15-Aug-15,50,Aug-15,2015,
16-Aug-15,50,Aug-15,2015,
17-Aug-15,51,Aug-15,2015,
18-Aug-15,51,Aug-15,2015,
19-Aug-15,51,Aug-15,2015,
20-Aug-15,51,Aug-15,2015,
21-Aug-15,51,Aug-15,2015,
22-Aug-15,51,Aug-15,2015,
23-Aug-15,51,Aug-15,2015,
24-Aug-15,52,Aug-15,2015,
25-Aug-15,52,Aug-15,2015,
26-Aug-15,52,Aug-15,2015,
27-Aug-15,52,Aug-15,2015,
28-Aug-15,52,Aug-15,2015,
29-Aug-15,52,Aug-15,2015,
30-Aug-15,52,Aug-15,2015,
31-Aug-15,1,Sep-15,2015,
01-Sep-15,1,Sep-15,2015,
02-Sep-15,1,Sep-15,2015,
03-Sep-15,1,Sep-15,2015,
04-Sep-15,1,Sep-15,2015,
05-Sep-15,1,Sep-15,2015,
06-Sep-15,1,Sep-15,2015,
07-Sep-15,2,Sep-15,2015,
08-Sep-15,2,Sep-15,2015,
09-Sep-15,2,Sep-15,2015,
10-Sep-15,2,Sep-15,2015,
11-Sep-15,2,Sep-15,2015,
12-Sep-15,2,Sep-15,2015,
13-Sep-15,2,Sep-15,2015,
14-Sep-15,3,Sep-15,2015,
15-Sep-15,3,Sep-15,2015,
16-Sep-15,3,Sep-15,2015,
17-Sep-15,3,Sep-15,2015,
18-Sep-15,3,Sep-15,2015,
19-Sep-15,3,Sep-15,2015,
20-Sep-15,3,Sep-15,2015,
21-Sep-15,4,Sep-15,2015,
22-Sep-15,4,Sep-15,2015,
23-Sep-15,4,Sep-15,2015,
24-Sep-15,4,Sep-15,2015,
25-Sep-15,4,Sep-15,2015,
26-Sep-15,4,Sep-15,2015,
27-Sep-15,4,Sep-15,2015,
28-Sep-15,5,Oct-15,2015,
29-Sep-15,5,Oct-15,2015,
30-Sep-15,5,Oct-15,2015,
01-Oct-15,5,Oct-15,2015,
02-Oct-15,5,Oct-15,2015,
03-Oct-15,5,Oct-15,2015,
04-Oct-15,5,Oct-15,2015,
05-Oct-15,6,Oct-15,2015,
06-Oct-15,6,Oct-15,2015,
07-Oct-15,6,Oct-15,2015,
08-Oct-15,6,Oct-15,2015,
09-Oct-15,6,Oct-15,2015,
10-Oct-15,6,Oct-15,2015,
11-Oct-15,6,Oct-15,2015,
12-Oct-15,7,Oct-15,2015,
13-Oct-15,7,Oct-15,2015,
14-Oct-15,7,Oct-15,2015,
15-Oct-15,7,Oct-15,2015,
16-Oct-15,7,Oct-15,2015,
17-Oct-15,7,Oct-15,2015,
18-Oct-15,7,Oct-15,2015,
19-Oct-15,8,Oct-15,2015,
20-Oct-15,8,Oct-15,2015,
21-Oct-15,8,Oct-15,2015,
22-Oct-15,8,Oct-15,2015,
23-Oct-15,8,Oct-15,2015,
24-Oct-15,8,Oct-15,2015,
25-Oct-15,8,Oct-15,2015,
26-Oct-15,9,Oct-15,2015,
27-Oct-15,9,Oct-15,2015,
28-Oct-15,9,Oct-15,2015,
29-Oct-15,9,Oct-15,2015,
30-Oct-15,9,Oct-15,2015,
31-Oct-15,9,Oct-15,2015,
01-Nov-15,9,Oct-15,2015,
02-Nov-15,10,Nov-15,2015,
03-Nov-15,10,Nov-15,2015,
04-Nov-15,10,Nov-15,2015,
05-Nov-15,10,Nov-15,2015,
06-Nov-15,10,Nov-15,2015,
07-Nov-15,10,Nov-15,2015,
08-Nov-15,10,Nov-15,2015,
09-Nov-15,11,Nov-15,2015,
10-Nov-15,11,Nov-15,2015,
11-Nov-15,11,Nov-15,2015,
12-Nov-15,11,Nov-15,2015,
13-Nov-15,11,Nov-15,2015,
14-Nov-15,11,Nov-15,2015,
15-Nov-15,11,Nov-15,2015,
16-Nov-15,12,Nov-15,2015,
17-Nov-15,12,Nov-15,2015,
18-Nov-15,12,Nov-15,2015,
19-Nov-15,12,Nov-15,2015,
20-Nov-15,12,Nov-15,2015,
21-Nov-15,12,Nov-15,2015,
22-Nov-15,12,Nov-15,2015,
23-Nov-15,13,Nov-15,2015,
24-Nov-15,13,Nov-15,2015,
25-Nov-15,13,Nov-15,2015,
26-Nov-15,13,Nov-15,2015,
27-Nov-15,13,Nov-15,2015,
28-Nov-15,13,Nov-15,2015,
29-Nov-15,13,Nov-15,2015,
30-Nov-15,14,Dec-15,2015,
01-Dec-15,14,Dec-15,2015,
02-Dec-15,14,Dec-15,2015,
03-Dec-15,14,Dec-15,2015,
04-Dec-15,14,Dec-15,2015,
05-Dec-15,14,Dec-15,2015,
06-Dec-15,14,Dec-15,2015,
07-Dec-15,15,Dec-15,2015,
08-Dec-15,15,Dec-15,2015,
09-Dec-15,15,Dec-15,2015,
10-Dec-15,15,Dec-15,2015,
11-Dec-15,15,Dec-15,2015,
12-Dec-15,15,Dec-15,2015,
13-Dec-15,15,Dec-15,2015,
14-Dec-15,16,Dec-15,2015,
15-Dec-15,16,Dec-15,2015,
16-Dec-15,16,Dec-15,2015,
17-Dec-15,16,Dec-15,2015,
18-Dec-15,16,Dec-15,2015,
19-Dec-15,16,Dec-15,2015,
20-Dec-15,16,Dec-15,2015,
21-Dec-15,17,Dec-15,2015,
22-Dec-15,17,Dec-15,2015,
23-Dec-15,17,Dec-15,2015,
24-Dec-15,17,Dec-15,2015,
25-Dec-15,17,Dec-15,2015,
26-Dec-15,17,Dec-15,2015,
27-Dec-15,17,Dec-15,2015,
28-Dec-15,18,Jan-16,2015,
29-Dec-15,18,Jan-16,2015,
30-Dec-15,18,Jan-16,2015,
31-Dec-15,18,Jan-16,2015,
01-Jan-16,18,Jan-16,2016,
02-Jan-16,18,Jan-16,2016,
03-Jan-16,18,Jan-16,2016,
04-Jan-16,19,Jan-16,2016,
05-Jan-16,19,Jan-16,2016,
06-Jan-16,19,Jan-16,2016,
07-Jan-16,19,Jan-16,2016,
08-Jan-16,19,Jan-16,2016,
09-Jan-16,19,Jan-16,2016,
10-Jan-16,19,Jan-16,2016,
11-Jan-16,20,Jan-16,2016,
12-Jan-16,20,Jan-16,2016,
13-Jan-16,20,Jan-16,2016,
14-Jan-16,20,Jan-16,2016,
15-Jan-16,20,Jan-16,2016,
16-Jan-16,20,Jan-16,2016,
17-Jan-16,20,Jan-16,2016,
18-Jan-16,21,Jan-16,2016,
19-Jan-16,21,Jan-16,2016,
20-Jan-16,21,Jan-16,2016,
21-Jan-16,21,Jan-16,2016,
22-Jan-16,21,Jan-16,2016,
23-Jan-16,21,Jan-16,2016,
24-Jan-16,21,Jan-16,2016,
25-Jan-16,22,Jan-16,2016,
26-Jan-16,22,Jan-16,2016,
27-Jan-16,22,Jan-16,2016,
28-Jan-16,22,Jan-16,2016,
29-Jan-16,22,Jan-16,2016,
30-Jan-16,22,Jan-16,2016,
31-Jan-16,22,Jan-16,2016,
01-Feb-16,23,Feb-16,2016,
02-Feb-16,23,Feb-16,2016,
03-Feb-16,23,Feb-16,2016,
04-Feb-16,23,Feb-16,2016,
05-Feb-16,23,Feb-16,2016,
06-Feb-16,23,Feb-16,2016,
07-Feb-16,23,Feb-16,2016,
08-Feb-16,24,Feb-16,2016,
09-Feb-16,24,Feb-16,2016,
10-Feb-16,24,Feb-16,2016,
11-Feb-16,24,Feb-16,2016,
12-Feb-16,24,Feb-16,2016,
13-Feb-16,24,Feb-16,2016,
14-Feb-16,24,Feb-16,2016,
15-Feb-16,25,Feb-16,2016,
16-Feb-16,25,Feb-16,2016,
17-Feb-16,25,Feb-16,2016,
18-Feb-16,25,Feb-16,2016,
19-Feb-16,25,Feb-16,2016,
20-Feb-16,25,Feb-16,2016,
21-Feb-16,25,Feb-16,2016,
22-Feb-16,26,Feb-16,2016,
23-Feb-16,26,Feb-16,2016,
24-Feb-16,26,Feb-16,2016,
25-Feb-16,26,Feb-16,2016,
26-Feb-16,26,Feb-16,2016,
27-Feb-16,26,Feb-16,2016,
28-Feb-16,26,Feb-16,2016,
29-Feb-16,27,Mar-16,2016,
01-Mar-16,27,Mar-16,2016,
02-Mar-16,27,Mar-16,2016,
03-Mar-16,27,Mar-16,2016,
04-Mar-16,27,Mar-16,2016,
05-Mar-16,27,Mar-16,2016,
06-Mar-16,27,Mar-16,2016,
07-Mar-16,28,Mar-16,2016,
08-Mar-16,28,Mar-16,2016,
09-Mar-16,28,Mar-16,2016,
10-Mar-16,28,Mar-16,2016,
11-Mar-16,28,Mar-16,2016,
12-Mar-16,28,Mar-16,2016,
13-Mar-16,28,Mar-16,2016,
14-Mar-16,29,Mar-16,2016,
15-Mar-16,29,Mar-16,2016,
16-Mar-16,29,Mar-16,2016,
17-Mar-16,29,Mar-16,2016,
18-Mar-16,29,Mar-16,2016,
19-Mar-16,29,Mar-16,2016,
20-Mar-16,29,Mar-16,2016,
21-Mar-16,30,Mar-16,2016,
22-Mar-16,30,Mar-16,2016,
23-Mar-16,30,Mar-16,2016,
24-Mar-16,30,Mar-16,2016,
25-Mar-16,30,Mar-16,2016,
26-Mar-16,30,Mar-16,2016,
27-Mar-16,30,Mar-16,2016,
28-Mar-16,31,Apr-16,2016,
29-Mar-16,31,Apr-16,2016,
30-Mar-16,31,Apr-16,2016,
31-Mar-16,31,Apr-16,2016,
01-Apr-16,31,Apr-16,2016,
02-Apr-16,31,Apr-16,2016,
03-Apr-16,31,Apr-16,2016,
04-Apr-16,32,Apr-16,2016,
05-Apr-16,32,Apr-16,2016,
06-Apr-16,32,Apr-16,2016,
07-Apr-16,32,Apr-16,2016,
08-Apr-16,32,Apr-16,2016,
09-Apr-16,32,Apr-16,2016,
10-Apr-16,32,Apr-16,2016,
11-Apr-16,33,Apr-16,2016,
12-Apr-16,33,Apr-16,2016,
13-Apr-16,33,Apr-16,2016,
14-Apr-16,33,Apr-16,2016,
15-Apr-16,33,Apr-16,2016,
16-Apr-16,33,Apr-16,2016,
17-Apr-16,33,Apr-16,2016,
18-Apr-16,34,Apr-16,2016,
19-Apr-16,34,Apr-16,2016,
20-Apr-16,34,Apr-16,2016,
21-Apr-16,34,Apr-16,2016,
22-Apr-16,34,Apr-16,2016,
23-Apr-16,34,Apr-16,2016,
24-Apr-16,34,Apr-16,2016,
25-Apr-16,35,Apr-16,2016,
26-Apr-16,35,Apr-16,2016,
27-Apr-16,35,Apr-16,2016,
28-Apr-16,35,Apr-16,2016,
29-Apr-16,35,Apr-16,2016,
30-Apr-16,35,Apr-16,2016,
01-May-16,35,Apr-16,2016,
02-May-16,36,May-16,2016,
03-May-16,36,May-16,2016,
04-May-16,36,May-16,2016,
05-May-16,36,May-16,2016,
06-May-16,36,May-16,2016,
07-May-16,36,May-16,2016,
08-May-16,36,May-16,2016,
09-May-16,37,May-16,2016,
10-May-16,37,May-16,2016,
11-May-16,37,May-16,2016,
12-May-16,37,May-16,2016,
13-May-16,37,May-16,2016,
14-May-16,37,May-16,2016,
15-May-16,37,May-16,2016,
16-May-16,38,May-16,2016,
17-May-16,38,May-16,2016,
18-May-16,38,May-16,2016,
19-May-16,38,May-16,2016,
20-May-16,38,May-16,2016,
21-May-16,38,May-16,2016,
22-May-16,38,May-16,2016,
23-May-16,39,May-16,2016,
24-May-16,39,May-16,2016,
25-May-16,39,May-16,2016,
26-May-16,39,May-16,2016,
27-May-16,39,May-16,2016,
28-May-16,39,May-16,2016,
29-May-16,39,May-16,2016,
30-May-16,40,Jun-16,2016,
31-May-16,40,Jun-16,2016,
01-Jun-16,40,Jun-16,2016,
02-Jun-16,40,Jun-16,2016,
03-Jun-16,40,Jun-16,2016,
04-Jun-16,40,Jun-16,2016,
05-Jun-16,40,Jun-16,2016,
06-Jun-16,41,Jun-16,2016,
07-Jun-16,41,Jun-16,2016,
08-Jun-16,41,Jun-16,2016,
09-Jun-16,41,Jun-16,2016,
10-Jun-16,41,Jun-16,2016,
11-Jun-16,41,Jun-16,2016,
12-Jun-16,41,Jun-16,2016,
13-Jun-16,42,Jun-16,2016,
14-Jun-16,42,Jun-16,2016,
15-Jun-16,42,Jun-16,2016,
16-Jun-16,42,Jun-16,2016,
17-Jun-16,42,Jun-16,2016,
18-Jun-16,42,Jun-16,2016,
19-Jun-16,42,Jun-16,2016,
20-Jun-16,43,Jun-16,2016,
21-Jun-16,43,Jun-16,2016,
22-Jun-16,43,Jun-16,2016,
23-Jun-16,43,Jun-16,2016,
24-Jun-16,43,Jun-16,2016,
25-Jun-16,43,Jun-16,2016,
26-Jun-16,43,Jun-16,2016,
27-Jun-16,44,Jul-16,2016,
28-Jun-16,44,Jul-16,2016,
29-Jun-16,44,Jul-16,2016,
30-Jun-16,44,Jul-16,2016,
01-Jul-16,44,Jul-16,2016,
02-Jul-16,44,Jul-16,2016,
03-Jul-16,44,Jul-16,2016,
04-Jul-16,45,Jul-16,2016,
05-Jul-16,45,Jul-16,2016,
06-Jul-16,45,Jul-16,2016,
07-Jul-16,45,Jul-16,2016,
08-Jul-16,45,Jul-16,2016,
09-Jul-16,45,Jul-16,2016,
10-Jul-16,45,Jul-16,2016,
11-Jul-16,46,Jul-16,2016,
12-Jul-16,46,Jul-16,2016,
13-Jul-16,46,Jul-16,2016,
14-Jul-16,46,Jul-16,2016,
15-Jul-16,46,Jul-16,2016,
16-Jul-16,46,Jul-16,2016,
17-Jul-16,46,Jul-16,2016,
18-Jul-16,47,Jul-16,2016,
19-Jul-16,47,Jul-16,2016,
20-Jul-16,47,Jul-16,2016,
21-Jul-16,47,Jul-16,2016,
22-Jul-16,47,Jul-16,2016,
23-Jul-16,47,Jul-16,2016,
24-Jul-16,47,Jul-16,2016,
25-Jul-16,48,Jul-16,2016,
26-Jul-16,48,Jul-16,2016,
27-Jul-16,48,Jul-16,2016,
28-Jul-16,48,Jul-16,2016,
29-Jul-16,48,Jul-16,2016,
30-Jul-16,48,Jul-16,2016,
31-Jul-16,48,Jul-16,2016,
01-Aug-16,49,Aug-16,2016,
02-Aug-16,49,Aug-16,2016,
03-Aug-16,49,Aug-16,2016,
04-Aug-16,49,Aug-16,2016,
05-Aug-16,49,Aug-16,2016,
06-Aug-16,49,Aug-16,2016,
07-Aug-16,49,Aug-16,2016,
08-Aug-16,50,Aug-16,2016,
09-Aug-16,50,Aug-16,2016,
10-Aug-16,50,Aug-16,2016,
11-Aug-16,50,Aug-16,2016,
12-Aug-16,50,Aug-16,2016,
13-Aug-16,50,Aug-16,2016,
14-Aug-16,50,Aug-16,2016,
15-Aug-16,51,Aug-16,2016,
16-Aug-16,51,Aug-16,2016,
17-Aug-16,51,Aug-16,2016,
18-Aug-16,51,Aug-16,2016,
19-Aug-16,51,Aug-16,2016,
20-Aug-16,51,Aug-16,2016,
21-Aug-16,51,Aug-16,2016,
22-Aug-16,52,Aug-16,2016,
23-Aug-16,52,Aug-16,2016,
24-Aug-16,52,Aug-16,2016,
25-Aug-16,52,Aug-16,2016,
26-Aug-16,52,Aug-16,2016,
27-Aug-16,52,Aug-16,2016,
28-Aug-16,52,Aug-16,2016,
29-Aug-16,1,Sep-16,2016,
30-Aug-16,1,Sep-16,2016,
31-Aug-16,1,Sep-16,2016,
01-Sep-16,1,Sep-16,2016,
02-Sep-16,1,Sep-16,2016,
03-Sep-16,1,Sep-16,2016,
04-Sep-16,1,Sep-16,2016,
05-Sep-16,2,Sep-16,2016,
06-Sep-16,2,Sep-16,2016,
07-Sep-16,2,Sep-16,2016,
08-Sep-16,2,Sep-16,2016,
09-Sep-16,2,Sep-16,2016,
10-Sep-16,2,Sep-16,2016,
11-Sep-16,2,Sep-16,2016,
12-Sep-16,3,Sep-16,2016,
13-Sep-16,3,Sep-16,2016,
14-Sep-16,3,Sep-16,2016,
15-Sep-16,3,Sep-16,2016,
16-Sep-16,3,Sep-16,2016,
17-Sep-16,3,Sep-16,2016,
18-Sep-16,3,Sep-16,2016,
19-Sep-16,4,Sep-16,2016,
20-Sep-16,4,Sep-16,2016,
21-Sep-16,4,Sep-16,2016,
22-Sep-16,4,Sep-16,2016,
23-Sep-16,4,Sep-16,2016,
24-Sep-16,4,Sep-16,2016,
25-Sep-16,4,Sep-16,2016,
26-Sep-16,5,Oct-16,2016,
27-Sep-16,5,Oct-16,2016,
28-Sep-16,5,Oct-16,2016,
29-Sep-16,5,Oct-16,2016,
30-Sep-16,5,Oct-16,2016,
01-Oct-16,5,Oct-16,2016,
02-Oct-16,5,Oct-16,2016,
03-Oct-16,6,Oct-16,2016,
04-Oct-16,6,Oct-16,2016,
05-Oct-16,6,Oct-16,2016,
06-Oct-16,6,Oct-16,2016,
07-Oct-16,6,Oct-16,2016,
08-Oct-16,6,Oct-16,2016,
09-Oct-16,6,Oct-16,2016,
10-Oct-16,7,Oct-16,2016,
11-Oct-16,7,Oct-16,2016,
12-Oct-16,7,Oct-16,2016,
13-Oct-16,7,Oct-16,2016,
14-Oct-16,7,Oct-16,2016,
15-Oct-16,7,Oct-16,2016,
16-Oct-16,7,Oct-16,2016,
17-Oct-16,8,Oct-16,2016,
18-Oct-16,8,Oct-16,2016,
19-Oct-16,8,Oct-16,2016,
20-Oct-16,8,Oct-16,2016,
21-Oct-16,8,Oct-16,2016,
22-Oct-16,8,Oct-16,2016,
23-Oct-16,8,Oct-16,2016,
24-Oct-16,9,Oct-16,2016,
25-Oct-16,9,Oct-16,2016,
26-Oct-16,9,Oct-16,2016,
27-Oct-16,9,Oct-16,2016,
28-Oct-16,9,Oct-16,2016,
29-Oct-16,9,Oct-16,2016,
30-Oct-16,9,Oct-16,2016,
31-Oct-16,10,Nov-16,2016,
01-Nov-16,10,Nov-16,2016,
02-Nov-16,10,Nov-16,2016,
03-Nov-16,10,Nov-16,2016,
04-Nov-16,10,Nov-16,2016,
05-Nov-16,10,Nov-16,2016,
06-Nov-16,10,Nov-16,2016,
07-Nov-16,11,Nov-16,2016,
08-Nov-16,11,Nov-16,2016,
09-Nov-16,11,Nov-16,2016,
10-Nov-16,11,Nov-16,2016,
11-Nov-16,11,Nov-16,2016,
12-Nov-16,11,Nov-16,2016,
13-Nov-16,11,Nov-16,2016,
14-Nov-16,12,Nov-16,2016,
15-Nov-16,12,Nov-16,2016,
16-Nov-16,12,Nov-16,2016,
17-Nov-16,12,Nov-16,2016,
18-Nov-16,12,Nov-16,2016,
19-Nov-16,12,Nov-16,2016,
20-Nov-16,12,Nov-16,2016,
21-Nov-16,13,Nov-16,2016,
22-Nov-16,13,Nov-16,2016,
23-Nov-16,13,Nov-16,2016,
24-Nov-16,13,Nov-16,2016,
25-Nov-16,13,Nov-16,2016,
26-Nov-16,13,Nov-16,2016,
27-Nov-16,13,Nov-16,2016,
28-Nov-16,14,Dec-16,2016,
29-Nov-16,14,Dec-16,2016,
30-Nov-16,14,Dec-16,2016,
01-Dec-16,14,Dec-16,2016,
02-Dec-16,14,Dec-16,2016,
03-Dec-16,14,Dec-16,2016,
04-Dec-16,14,Dec-16,2016,
05-Dec-16,15,Dec-16,2016,
06-Dec-16,15,Dec-16,2016,
07-Dec-16,15,Dec-16,2016,
08-Dec-16,15,Dec-16,2016,
09-Dec-16,15,Dec-16,2016,
10-Dec-16,15,Dec-16,2016,
11-Dec-16,15,Dec-16,2016,
12-Dec-16,16,Dec-16,2016,
13-Dec-16,16,Dec-16,2016,
14-Dec-16,16,Dec-16,2016,
15-Dec-16,16,Dec-16,2016,
16-Dec-16,16,Dec-16,2016,
17-Dec-16,16,Dec-16,2016,
18-Dec-16,16,Dec-16,2016,
19-Dec-16,17,Dec-16,2016,
20-Dec-16,17,Dec-16,2016,
21-Dec-16,17,Dec-16,2016,
22-Dec-16,17,Dec-16,2016,
23-Dec-16,17,Dec-16,2016,
24-Dec-16,17,Dec-16,2016,
25-Dec-16,17,Dec-16,2016,
26-Dec-16,18,Dec-16,2016,
27-Dec-16,18,Dec-16,2016,
28-Dec-16,18,Dec-16,2016,
29-Dec-16,18,Dec-16,2016,
30-Dec-16,18,Dec-16,2016,
31-Dec-16,18,Dec-16,2016,
01-Jan-17,18,Dec-16,2017,
02-Jan-17,19,Jan-17,2017,
03-Jan-17,19,Jan-17,2017,
04-Jan-17,19,Jan-17,2017,
05-Jan-17,19,Jan-17,2017,
06-Jan-17,19,Jan-17,2017,
07-Jan-17,19,Jan-17,2017,
08-Jan-17,19,Jan-17,2017,
09-Jan-17,20,Jan-17,2017,
10-Jan-17,20,Jan-17,2017,
11-Jan-17,20,Jan-17,2017,
12-Jan-17,20,Jan-17,2017,
13-Jan-17,20,Jan-17,2017,
14-Jan-17,20,Jan-17,2017,
15-Jan-17,20,Jan-17,2017,
16-Jan-17,21,Jan-17,2017,
17-Jan-17,21,Jan-17,2017,
18-Jan-17,21,Jan-17,2017,
19-Jan-17,21,Jan-17,2017,
20-Jan-17,21,Jan-17,2017,
21-Jan-17,21,Jan-17,2017,
22-Jan-17,21,Jan-17,2017,
23-Jan-17,22,Jan-17,2017,
24-Jan-17,22,Jan-17,2017,
25-Jan-17,22,Jan-17,2017,
26-Jan-17,22,Jan-17,2017,
27-Jan-17,22,Jan-17,2017,
28-Jan-17,22,Jan-17,2017,
29-Jan-17,22,Jan-17,2017,
30-Jan-17,23,Feb-17,2017,
31-Jan-17,23,Feb-17,2017,
01-Feb-17,23,Feb-17,2017,
02-Feb-17,23,Feb-17,2017,
03-Feb-17,23,Feb-17,2017,
04-Feb-17,23,Feb-17,2017,
05-Feb-17,23,Feb-17,2017,
06-Feb-17,24,Feb-17,2017,
07-Feb-17,24,Feb-17,2017,
08-Feb-17,24,Feb-17,2017,
09-Feb-17,24,Feb-17,2017,
10-Feb-17,24,Feb-17,2017,
11-Feb-17,24,Feb-17,2017,
12-Feb-17,24,Feb-17,2017,
13-Feb-17,25,Feb-17,2017,
14-Feb-17,25,Feb-17,2017,
15-Feb-17,25,Feb-17,2017,
16-Feb-17,25,Feb-17,2017,
17-Feb-17,25,Feb-17,2017,
18-Feb-17,25,Feb-17,2017,
19-Feb-17,25,Feb-17,2017,
20-Feb-17,26,Feb-17,2017,
21-Feb-17,26,Feb-17,2017,
22-Feb-17,26,Feb-17,2017,
23-Feb-17,26,Feb-17,2017,
24-Feb-17,26,Feb-17,2017,
25-Feb-17,26,Feb-17,2017,
26-Feb-17,26,Feb-17,2017,
27-Feb-17,27,Mar-17,2017,
28-Feb-17,27,Mar-17,2017,
01-Mar-17,27,Mar-17,2017,
02-Mar-17,27,Mar-17,2017,
03-Mar-17,27,Mar-17,2017,
04-Mar-17,27,Mar-17,2017,
05-Mar-17,27,Mar-17,2017,
06-Mar-17,28,Mar-17,2017,
07-Mar-17,28,Mar-17,2017,
08-Mar-17,28,Mar-17,2017,
09-Mar-17,28,Mar-17,2017,
10-Mar-17,28,Mar-17,2017,
11-Mar-17,28,Mar-17,2017,
12-Mar-17,28,Mar-17,2017,
13-Mar-17,29,Mar-17,2017,
14-Mar-17,29,Mar-17,2017,
15-Mar-17,29,Mar-17,2017,
16-Mar-17,29,Mar-17,2017,
17-Mar-17,29,Mar-17,2017,
18-Mar-17,29,Mar-17,2017,
19-Mar-17,29,Mar-17,2017,
20-Mar-17,30,Mar-17,2017,
21-Mar-17,30,Mar-17,2017,
22-Mar-17,30,Mar-17,2017,
23-Mar-17,30,Mar-17,2017,
24-Mar-17,30,Mar-17,2017,
25-Mar-17,30,Mar-17,2017,
26-Mar-17,30,Mar-17,2017,
27-Mar-17,31,Apr-17,2017,
28-Mar-17,31,Apr-17,2017,
29-Mar-17,31,Apr-17,2017,
30-Mar-17,31,Apr-17,2017,
31-Mar-17,31,Apr-17,2017,
01-Apr-17,31,Apr-17,2017,
02-Apr-17,31,Apr-17,2017,
03-Apr-17,32,Apr-17,2017,
04-Apr-17,32,Apr-17,2017,
05-Apr-17,32,Apr-17,2017,
06-Apr-17,32,Apr-17,2017,
07-Apr-17,32,Apr-17,2017,
08-Apr-17,32,Apr-17,2017,
09-Apr-17,32,Apr-17,2017,
10-Apr-17,33,Apr-17,2017,
11-Apr-17,33,Apr-17,2017,
12-Apr-17,33,Apr-17,2017,
13-Apr-17,33,Apr-17,2017,
14-Apr-17,33,Apr-17,2017,
15-Apr-17,33,Apr-17,2017,
16-Apr-17,33,Apr-17,2017,
17-Apr-17,34,Apr-17,2017,
18-Apr-17,34,Apr-17,2017,
19-Apr-17,34,Apr-17,2017,
20-Apr-17,34,Apr-17,2017,
21-Apr-17,34,Apr-17,2017,
22-Apr-17,34,Apr-17,2017,
23-Apr-17,34,Apr-17,2017,
24-Apr-17,35,Apr-17,2017,
25-Apr-17,35,Apr-17,2017,
26-Apr-17,35,Apr-17,2017,
27-Apr-17,35,Apr-17,2017,
28-Apr-17,35,Apr-17,2017,
29-Apr-17,35,Apr-17,2017,
30-Apr-17,35,Apr-17,2017,
01-May-17,36,May-17,2017,
02-May-17,36,May-17,2017,
03-May-17,36,May-17,2017,
04-May-17,36,May-17,2017,
05-May-17,36,May-17,2017,
06-May-17,36,May-17,2017,
07-May-17,36,May-17,2017,
08-May-17,37,May-17,2017,
09-May-17,37,May-17,2017,
10-May-17,37,May-17,2017,
11-May-17,37,May-17,2017,
12-May-17,37,May-17,2017,
13-May-17,37,May-17,2017,
14-May-17,37,May-17,2017,
15-May-17,38,May-17,2017,
16-May-17,38,May-17,2017,
17-May-17,38,May-17,2017,
18-May-17,38,May-17,2017,
19-May-17,38,May-17,2017,
20-May-17,38,May-17,2017,
21-May-17,38,May-17,2017,
22-May-17,39,May-17,2017,
23-May-17,39,May-17,2017,
24-May-17,39,May-17,2017,
25-May-17,39,May-17,2017,
26-May-17,39,May-17,2017,
27-May-17,39,May-17,2017,
28-May-17,39,May-17,2017,
29-May-17,40,Jun-17,2017,
30-May-17,40,Jun-17,2017,
31-May-17,40,Jun-17,2017,
01-Jun-17,40,Jun-17,2017,
02-Jun-17,40,Jun-17,2017,
03-Jun-17,40,Jun-17,2017,
04-Jun-17,40,Jun-17,2017,
05-Jun-17,41,Jun-17,2017,
06-Jun-17,41,Jun-17,2017,
07-Jun-17,41,Jun-17,2017,
08-Jun-17,41,Jun-17,2017,
09-Jun-17,41,Jun-17,2017,
10-Jun-17,41,Jun-17,2017,
11-Jun-17,41,Jun-17,2017,
12-Jun-17,42,Jun-17,2017,
13-Jun-17,42,Jun-17,2017,
14-Jun-17,42,Jun-17,2017,
15-Jun-17,42,Jun-17,2017,
16-Jun-17,42,Jun-17,2017,
17-Jun-17,42,Jun-17,2017,
18-Jun-17,42,Jun-17,2017,
19-Jun-17,43,Jun-17,2017,
20-Jun-17,43,Jun-17,2017,
21-Jun-17,43,Jun-17,2017,
22-Jun-17,43,Jun-17,2017,
23-Jun-17,43,Jun-17,2017,
24-Jun-17,43,Jun-17,2017,
25-Jun-17,43,Jun-17,2017,
26-Jun-17,44,Jul-17,2017,
27-Jun-17,44,Jul-17,2017,
28-Jun-17,44,Jul-17,2017,
29-Jun-17,44,Jul-17,2017,
30-Jun-17,44,Jul-17,2017,
01-Jul-17,44,Jul-17,2017,
02-Jul-17,44,Jul-17,2017,
03-Jul-17,45,Jul-17,2017,
04-Jul-17,45,Jul-17,2017,
05-Jul-17,45,Jul-17,2017,
06-Jul-17,45,Jul-17,2017,
07-Jul-17,45,Jul-17,2017,
08-Jul-17,45,Jul-17,2017,
09-Jul-17,45,Jul-17,2017,
10-Jul-17,46,Jul-17,2017,
11-Jul-17,46,Jul-17,2017,
12-Jul-17,46,Jul-17,2017,
13-Jul-17,46,Jul-17,2017,
14-Jul-17,46,Jul-17,2017,
15-Jul-17,46,Jul-17,2017,
16-Jul-17,46,Jul-17,2017,
17-Jul-17,47,Jul-17,2017,
18-Jul-17,47,Jul-17,2017,
19-Jul-17,47,Jul-17,2017,
20-Jul-17,47,Jul-17,2017,
21-Jul-17,47,Jul-17,2017,
22-Jul-17,47,Jul-17,2017,
23-Jul-17,47,Jul-17,2017,
24-Jul-17,48,Jul-17,2017,
25-Jul-17,48,Jul-17,2017,
26-Jul-17,48,Jul-17,2017,
27-Jul-17,48,Jul-17,2017,
28-Jul-17,48,Jul-17,2017,
29-Jul-17,48,Jul-17,2017,
30-Jul-17,48,Jul-17,2017,
31-Jul-17,49,Aug-17,2017,
01-Aug-17,49,Aug-17,2017,
02-Aug-17,49,Aug-17,2017,
03-Aug-17,49,Aug-17,2017,
04-Aug-17,49,Aug-17,2017,
05-Aug-17,49,Aug-17,2017,
06-Aug-17,49,Aug-17,2017,
07-Aug-17,50,Aug-17,2017,
08-Aug-17,50,Aug-17,2017,
09-Aug-17,50,Aug-17,2017,
10-Aug-17,50,Aug-17,2017,
11-Aug-17,50,Aug-17,2017,
12-Aug-17,50,Aug-17,2017,
13-Aug-17,50,Aug-17,2017,
14-Aug-17,51,Aug-17,2017,
15-Aug-17,51,Aug-17,2017,
16-Aug-17,51,Aug-17,2017,
17-Aug-17,51,Aug-17,2017,
18-Aug-17,51,Aug-17,2017,
19-Aug-17,51,Aug-17,2017,
20-Aug-17,51,Aug-17,2017,
21-Aug-17,52,Aug-17,2017,
22-Aug-17,52,Aug-17,2017,
23-Aug-17,52,Aug-17,2017,
24-Aug-17,52,Aug-17,2017,
25-Aug-17,52,Aug-17,2017,
26-Aug-17,52,Aug-17,2017,
27-Aug-17,52,Aug-17,2017,
28-Aug-17,1,Sep-17,2017,
29-Aug-17,1,Sep-17,2017,
30-Aug-17,1,Sep-17,2017,
31-Aug-17,1,Sep-17,2017,
01-Sep-17,1,Sep-17,2017,
02-Sep-17,1,Sep-17,2017,
03-Sep-17,1,Sep-17,2017,
04-Sep-17,2,Sep-17,2017,
05-Sep-17,2,Sep-17,2017,
06-Sep-17,2,Sep-17,2017,
07-Sep-17,2,Sep-17,2017,
08-Sep-17,2,Sep-17,2017,
09-Sep-17,2,Sep-17,2017,
10-Sep-17,2,Sep-17,2017,
11-Sep-17,3,Sep-17,2017,
12-Sep-17,3,Sep-17,2017,
13-Sep-17,3,Sep-17,2017,
14-Sep-17,3,Sep-17,2017,
15-Sep-17,3,Sep-17,2017,
16-Sep-17,3,Sep-17,2017,
17-Sep-17,3,Sep-17,2017,
18-Sep-17,4,Sep-17,2017,
19-Sep-17,4,Sep-17,2017,
20-Sep-17,4,Sep-17,2017,
21-Sep-17,4,Sep-17,2017,
22-Sep-17,4,Sep-17,2017,
23-Sep-17,4,Sep-17,2017,
24-Sep-17,4,Sep-17,2017,
25-Sep-17,5,Sep-17,2017,
26-Sep-17,5,Sep-17,2017,
27-Sep-17,5,Sep-17,2017,
28-Sep-17,5,Sep-17,2017,
29-Sep-17,5,Sep-17,2017,
30-Sep-17,5,Sep-17,2017,
01-Oct-17,5,Sep-17,2017,
02-Oct-17,6,Oct-17,2017,
03-Oct-17,6,Oct-17,2017,
04-Oct-17,6,Oct-17,2017,
05-Oct-17,6,Oct-17,2017,
06-Oct-17,6,Oct-17,2017,
07-Oct-17,6,Oct-17,2017,
08-Oct-17,6,Oct-17,2017,
09-Oct-17,7,Oct-17,2017,
10-Oct-17,7,Oct-17,2017,
11-Oct-17,7,Oct-17,2017,
12-Oct-17,7,Oct-17,2017,
13-Oct-17,7,Oct-17,2017,
14-Oct-17,7,Oct-17,2017,
15-Oct-17,7,Oct-17,2017,
16-Oct-17,8,Oct-17,2017,
17-Oct-17,8,Oct-17,2017,
18-Oct-17,8,Oct-17,2017,
19-Oct-17,8,Oct-17,2017,
20-Oct-17,8,Oct-17,2017,
21-Oct-17,8,Oct-17,2017,
22-Oct-17,8,Oct-17,2017,
23-Oct-17,9,Oct-17,2017,
24-Oct-17,9,Oct-17,2017,
25-Oct-17,9,Oct-17,2017,
26-Oct-17,9,Oct-17,2017,
27-Oct-17,9,Oct-17,2017,
28-Oct-17,9,Oct-17,2017,
29-Oct-17,9,Oct-17,2017,
30-Oct-17,10,Nov-17,2017,
31-Oct-17,10,Nov-17,2017,
01-Nov-17,10,Nov-17,2017,
02-Nov-17,10,Nov-17,2017,
03-Nov-17,10,Nov-17,2017,
04-Nov-17,10,Nov-17,2017,
05-Nov-17,10,Nov-17,2017,
06-Nov-17,11,Nov-17,2017,
07-Nov-17,11,Nov-17,2017,
08-Nov-17,11,Nov-17,2017,
09-Nov-17,11,Nov-17,2017,
10-Nov-17,11,Nov-17,2017,
11-Nov-17,11,Nov-17,2017,
12-Nov-17,11,Nov-17,2017,
13-Nov-17,12,Nov-17,2017,
14-Nov-17,12,Nov-17,2017,
15-Nov-17,12,Nov-17,2017,
16-Nov-17,12,Nov-17,2017,
17-Nov-17,12,Nov-17,2017,
18-Nov-17,12,Nov-17,2017,
19-Nov-17,12,Nov-17,2017,
20-Nov-17,13,Nov-17,2017,
21-Nov-17,13,Nov-17,2017,
22-Nov-17,13,Nov-17,2017,
23-Nov-17,13,Nov-17,2017,
24-Nov-17,13,Nov-17,2017,
25-Nov-17,13,Nov-17,2017,
26-Nov-17,13,Nov-17,2017,
27-Nov-17,14,Dec-17,2017,
28-Nov-17,14,Dec-17,2017,
29-Nov-17,14,Dec-17,2017,
30-Nov-17,14,Dec-17,2017,
01-Dec-17,14,Dec-17,2017,
02-Dec-17,14,Dec-17,2017,
03-Dec-17,14,Dec-17,2017,
04-Dec-17,15,Dec-17,2017,
05-Dec-17,15,Dec-17,2017,
06-Dec-17,15,Dec-17,2017,
07-Dec-17,15,Dec-17,2017,
08-Dec-17,15,Dec-17,2017,
09-Dec-17,15,Dec-17,2017,
10-Dec-17,15,Dec-17,2017,
11-Dec-17,16,Dec-17,2017,
12-Dec-17,16,Dec-17,2017,
13-Dec-17,16,Dec-17,2017,
14-Dec-17,16,Dec-17,2017,
15-Dec-17,16,Dec-17,2017,
16-Dec-17,16,Dec-17,2017,
17-Dec-17,16,Dec-17,2017,
18-Dec-17,17,Dec-17,2017,
19-Dec-17,17,Dec-17,2017,
20-Dec-17,17,Dec-17,2017,
21-Dec-17,17,Dec-17,2017,
22-Dec-17,17,Dec-17,2017,
23-Dec-17,17,Dec-17,2017,
24-Dec-17,17,Dec-17,2017,
25-Dec-17,18,Dec-17,2017,
26-Dec-17,18,Dec-17,2017,
27-Dec-17,18,Dec-17,2017,
28-Dec-17,18,Dec-17,2017,
29-Dec-17,18,Dec-17,2017,
30-Dec-17,18,Dec-17,2017,
31-Dec-17,18,Dec-17,2017,
01-Jan-18,19,Jan-18,2018,
02-Jan-18,19,Jan-18,2018,
03-Jan-18,19,Jan-18,2018,
04-Jan-18,19,Jan-18,2018,
05-Jan-18,19,Jan-18,2018,
06-Jan-18,19,Jan-18,2018,
07-Jan-18,19,Jan-18,2018,
08-Jan-18,20,Jan-18,2018,
09-Jan-18,20,Jan-18,2018,
10-Jan-18,20,Jan-18,2018,
11-Jan-18,20,Jan-18,2018,
12-Jan-18,20,Jan-18,2018,
13-Jan-18,20,Jan-18,2018,
14-Jan-18,20,Jan-18,2018,
15-Jan-18,21,Jan-18,2018,
16-Jan-18,21,Jan-18,2018,
17-Jan-18,21,Jan-18,2018,
18-Jan-18,21,Jan-18,2018,
19-Jan-18,21,Jan-18,2018,
20-Jan-18,21,Jan-18,2018,
21-Jan-18,21,Jan-18,2018,
22-Jan-18,22,Jan-18,2018,
23-Jan-18,22,Jan-18,2018,
24-Jan-18,22,Jan-18,2018,
25-Jan-18,22,Jan-18,2018,
26-Jan-18,22,Jan-18,2018,
27-Jan-18,22,Jan-18,2018,
28-Jan-18,22,Jan-18,2018,
29-Jan-18,23,Feb-18,2018,
30-Jan-18,23,Feb-18,2018,
31-Jan-18,23,Feb-18,2018,
01-Feb-18,23,Feb-18,2018,
02-Feb-18,23,Feb-18,2018,
03-Feb-18,23,Feb-18,2018,
04-Feb-18,23,Feb-18,2018,
05-Feb-18,24,Feb-18,2018,
06-Feb-18,24,Feb-18,2018,
07-Feb-18,24,Feb-18,2018,
08-Feb-18,24,Feb-18,2018,
09-Feb-18,24,Feb-18,2018,
10-Feb-18,24,Feb-18,2018,
11-Feb-18,24,Feb-18,2018,
12-Feb-18,25,Feb-18,2018,
13-Feb-18,25,Feb-18,2018,
14-Feb-18,25,Feb-18,2018,
15-Feb-18,25,Feb-18,2018,
16-Feb-18,25,Feb-18,2018,
17-Feb-18,25,Feb-18,2018,
18-Feb-18,25,Feb-18,2018,
19-Feb-18,26,Feb-18,2018,
20-Feb-18,26,Feb-18,2018,
21-Feb-18,26,Feb-18,2018,
22-Feb-18,26,Feb-18,2018,
23-Feb-18,26,Feb-18,2018,
24-Feb-18,26,Feb-18,2018,
25-Feb-18,26,Feb-18,2018,
26-Feb-18,27,Mar-18,2018,
27-Feb-18,27,Mar-18,2018,
28-Feb-18,27,Mar-18,2018,
01-Mar-18,27,Mar-18,2018,
02-Mar-18,27,Mar-18,2018,
03-Mar-18,27,Mar-18,2018,
04-Mar-18,27,Mar-18,2018,
05-Mar-18,28,Mar-18,2018,
06-Mar-18,28,Mar-18,2018,
07-Mar-18,28,Mar-18,2018,
08-Mar-18,28,Mar-18,2018,
09-Mar-18,28,Mar-18,2018,
10-Mar-18,28,Mar-18,2018,
11-Mar-18,28,Mar-18,2018,
12-Mar-18,29,Mar-18,2018,
13-Mar-18,29,Mar-18,2018,
14-Mar-18,29,Mar-18,2018,
15-Mar-18,29,Mar-18,2018,
16-Mar-18,29,Mar-18,2018,
17-Mar-18,29,Mar-18,2018,
18-Mar-18,29,Mar-18,2018,
19-Mar-18,30,Mar-18,2018,
20-Mar-18,30,Mar-18,2018,
21-Mar-18,30,Mar-18,2018,
22-Mar-18,30,Mar-18,2018,
23-Mar-18,30,Mar-18,2018,
24-Mar-18,30,Mar-18,2018,
25-Mar-18,30,Mar-18,2018,
26-Mar-18,31,Apr-18,2018,
27-Mar-18,31,Apr-18,2018,
28-Mar-18,31,Apr-18,2018,
29-Mar-18,31,Apr-18,2018,
30-Mar-18,31,Apr-18,2018,
31-Mar-18,31,Apr-18,2018,
01-Apr-18,31,Apr-18,2018,
02-Apr-18,32,Apr-18,2018,
03-Apr-18,32,Apr-18,2018,
04-Apr-18,32,Apr-18,2018,
05-Apr-18,32,Apr-18,2018,
06-Apr-18,32,Apr-18,2018,
07-Apr-18,32,Apr-18,2018,
08-Apr-18,32,Apr-18,2018,
09-Apr-18,33,Apr-18,2018,
10-Apr-18,33,Apr-18,2018,
11-Apr-18,33,Apr-18,2018,
12-Apr-18,33,Apr-18,2018,
13-Apr-18,33,Apr-18,2018,
14-Apr-18,33,Apr-18,2018,
15-Apr-18,33,Apr-18,2018,
16-Apr-18,34,Apr-18,2018,
17-Apr-18,34,Apr-18,2018,
18-Apr-18,34,Apr-18,2018,
19-Apr-18,34,Apr-18,2018,
20-Apr-18,34,Apr-18,2018,
21-Apr-18,34,Apr-18,2018,
22-Apr-18,34,Apr-18,2018,
23-Apr-18,35,Apr-18,2018,
24-Apr-18,35,Apr-18,2018,
25-Apr-18,35,Apr-18,2018,
26-Apr-18,35,Apr-18,2018,
27-Apr-18,35,Apr-18,2018,
28-Apr-18,35,Apr-18,2018,
29-Apr-18,35,Apr-18,2018,
30-Apr-18,36,May-18,2018,
01-May-18,36,May-18,2018,
02-May-18,36,May-18,2018,
03-May-18,36,May-18,2018,
04-May-18,36,May-18,2018,
05-May-18,36,May-18,2018,
06-May-18,36,May-18,2018,
07-May-18,37,May-18,2018,
08-May-18,37,May-18,2018,
09-May-18,37,May-18,2018,
10-May-18,37,May-18,2018,
11-May-18,37,May-18,2018,
12-May-18,37,May-18,2018,
13-May-18,37,May-18,2018,
14-May-18,38,May-18,2018,
15-May-18,38,May-18,2018,
16-May-18,38,May-18,2018,
17-May-18,38,May-18,2018,
18-May-18,38,May-18,2018,
19-May-18,38,May-18,2018,
20-May-18,38,May-18,2018,
21-May-18,39,May-18,2018,
22-May-18,39,May-18,2018,
23-May-18,39,May-18,2018,
24-May-18,39,May-18,2018,
25-May-18,39,May-18,2018,
26-May-18,39,May-18,2018,
27-May-18,39,May-18,2018,
28-May-18,40,Jun-18,2018,
29-May-18,40,Jun-18,2018,
30-May-18,40,Jun-18,2018,
31-May-18,40,Jun-18,2018,
01-Jun-18,40,Jun-18,2018,
02-Jun-18,40,Jun-18,2018,
03-Jun-18,40,Jun-18,2018,
04-Jun-18,41,Jun-18,2018,
05-Jun-18,41,Jun-18,2018,
06-Jun-18,41,Jun-18,2018,
07-Jun-18,41,Jun-18,2018,
08-Jun-18,41,Jun-18,2018,
09-Jun-18,41,Jun-18,2018,
10-Jun-18,41,Jun-18,2018,
11-Jun-18,42,Jun-18,2018,
12-Jun-18,42,Jun-18,2018,
13-Jun-18,42,Jun-18,2018,
14-Jun-18,42,Jun-18,2018,
15-Jun-18,42,Jun-18,2018,
16-Jun-18,42,Jun-18,2018,
17-Jun-18,42,Jun-18,2018,
18-Jun-18,43,Jun-18,2018,
19-Jun-18,43,Jun-18,2018,
20-Jun-18,43,Jun-18,2018,
21-Jun-18,43,Jun-18,2018,
22-Jun-18,43,Jun-18,2018,
23-Jun-18,43,Jun-18,2018,
24-Jun-18,43,Jun-18,2018,
25-Jun-18,44,Jun-18,2018,
26-Jun-18,44,Jun-18,2018,
27-Jun-18,44,Jun-18,2018,
28-Jun-18,44,Jun-18,2018,
29-Jun-18,44,Jun-18,2018,
30-Jun-18,44,Jun-18,2018,
01-Jul-18,44,Jun-18,2018,
02-Jul-18,45,Jul-18,2018,
03-Jul-18,45,Jul-18,2018,
04-Jul-18,45,Jul-18,2018,
05-Jul-18,45,Jul-18,2018,
06-Jul-18,45,Jul-18,2018,
07-Jul-18,45,Jul-18,2018,
08-Jul-18,45,Jul-18,2018,
09-Jul-18,46,Jul-18,2018,
10-Jul-18,46,Jul-18,2018,
11-Jul-18,46,Jul-18,2018,
12-Jul-18,46,Jul-18,2018,
13-Jul-18,46,Jul-18,2018,
14-Jul-18,46,Jul-18,2018,
15-Jul-18,46,Jul-18,2018,
16-Jul-18,47,Jul-18,2018,
17-Jul-18,47,Jul-18,2018,
18-Jul-18,47,Jul-18,2018,
19-Jul-18,47,Jul-18,2018,
20-Jul-18,47,Jul-18,2018,
21-Jul-18,47,Jul-18,2018,
22-Jul-18,47,Jul-18,2018,
23-Jul-18,48,Jul-18,2018,
24-Jul-18,48,Jul-18,2018,
25-Jul-18,48,Jul-18,2018,
26-Jul-18,48,Jul-18,2018,
27-Jul-18,48,Jul-18,2018,
28-Jul-18,48,Jul-18,2018,
29-Jul-18,48,Jul-18,2018,
30-Jul-18,49,Aug-18,2018,
31-Jul-18,49,Aug-18,2018,
01-Aug-18,49,Aug-18,2018,
02-Aug-18,49,Aug-18,2018,
03-Aug-18,49,Aug-18,2018,
04-Aug-18,49,Aug-18,2018,
05-Aug-18,49,Aug-18,2018,
06-Aug-18,50,Aug-18,2018,
07-Aug-18,50,Aug-18,2018,
08-Aug-18,50,Aug-18,2018,
09-Aug-18,50,Aug-18,2018,
10-Aug-18,50,Aug-18,2018,
11-Aug-18,50,Aug-18,2018,
12-Aug-18,50,Aug-18,2018,
13-Aug-18,51,Aug-18,2018,
14-Aug-18,51,Aug-18,2018,
15-Aug-18,51,Aug-18,2018,
16-Aug-18,51,Aug-18,2018,
17-Aug-18,51,Aug-18,2018,
18-Aug-18,51,Aug-18,2018,
19-Aug-18,51,Aug-18,2018,
20-Aug-18,52,Aug-18,2018,
21-Aug-18,52,Aug-18,2018,
22-Aug-18,52,Aug-18,2018,
23-Aug-18,52,Aug-18,2018,
24-Aug-18,52,Aug-18,2018,
25-Aug-18,52,Aug-18,2018,
26-Aug-18,52,Aug-18,2018,
27-Aug-18,53,Aug-18,2018,
28-Aug-18,53,Aug-18,2018,
29-Aug-18,53,Aug-18,2018,
30-Aug-18,53,Aug-18,2018,
31-Aug-18,53,Aug-18,2018,
01-Sep-18,53,Aug-18,2018,
02-Sep-18,53,Aug-18,2018,
03-Sep-18,1,Sep-18,2018,
04-Sep-18,1,Sep-18,2018,
05-Sep-18,1,Sep-18,2018,
06-Sep-18,1,Sep-18,2018,
07-Sep-18,1,Sep-18,2018,
08-Sep-18,1,Sep-18,2018,
09-Sep-18,1,Sep-18,2018,
10-Sep-18,2,Sep-18,2018,
11-Sep-18,2,Sep-18,2018,
12-Sep-18,2,Sep-18,2018,
13-Sep-18,2,Sep-18,2018,
14-Sep-18,2,Sep-18,2018,
15-Sep-18,2,Sep-18,2018,
16-Sep-18,2,Sep-18,2018,
17-Sep-18,3,Sep-18,2018,
18-Sep-18,3,Sep-18,2018,
19-Sep-18,3,Sep-18,2018,
20-Sep-18,3,Sep-18,2018,
21-Sep-18,3,Sep-18,2018,
22-Sep-18,3,Sep-18,2018,
23-Sep-18,3,Sep-18,2018,
24-Sep-18,4,Sep-18,2018,
25-Sep-18,4,Sep-18,2018,
26-Sep-18,4,Sep-18,2018,
27-Sep-18,4,Sep-18,2018,
28-Sep-18,4,Sep-18,2018,
29-Sep-18,4,Sep-18,2018,
30-Sep-18,4,Sep-18,2018,
01-Oct-18,5,Oct-18,2018,
02-Oct-18,5,Oct-18,2018,
03-Oct-18,5,Oct-18,2018,
04-Oct-18,5,Oct-18,2018,
05-Oct-18,5,Oct-18,2018,
06-Oct-18,5,Oct-18,2018,
07-Oct-18,5,Oct-18,2018,
08-Oct-18,6,Oct-18,2018,
09-Oct-18,6,Oct-18,2018,
10-Oct-18,6,Oct-18,2018,
11-Oct-18,6,Oct-18,2018,
12-Oct-18,6,Oct-18,2018,
13-Oct-18,6,Oct-18,2018,
14-Oct-18,6,Oct-18,2018,
15-Oct-18,7,Oct-18,2018,
16-Oct-18,7,Oct-18,2018,
17-Oct-18,7,Oct-18,2018,
18-Oct-18,7,Oct-18,2018,
19-Oct-18,7,Oct-18,2018,
20-Oct-18,7,Oct-18,2018,
21-Oct-18,7,Oct-18,2018,
22-Oct-18,8,Oct-18,2018,
23-Oct-18,8,Oct-18,2018,
24-Oct-18,8,Oct-18,2018,
25-Oct-18,8,Oct-18,2018,
26-Oct-18,8,Oct-18,2018,
27-Oct-18,8,Oct-18,2018,
28-Oct-18,8,Oct-18,2018,
29-Oct-18,9,Nov-18,2018,
30-Oct-18,9,Nov-18,2018,
31-Oct-18,9,Nov-18,2018,
01-Nov-18,9,Nov-18,2018,
02-Nov-18,9,Nov-18,2018,
03-Nov-18,9,Nov-18,2018,
04-Nov-18,9,Nov-18,2018,
05-Nov-18,10,Nov-18,2018,
06-Nov-18,10,Nov-18,2018,
07-Nov-18,10,Nov-18,2018,
08-Nov-18,10,Nov-18,2018,
09-Nov-18,10,Nov-18,2018,
10-Nov-18,10,Nov-18,2018,
11-Nov-18,10,Nov-18,2018,
12-Nov-18,11,Nov-18,2018,
13-Nov-18,11,Nov-18,2018,
14-Nov-18,11,Nov-18,2018,
15-Nov-18,11,Nov-18,2018,
16-Nov-18,11,Nov-18,2018,
17-Nov-18,11,Nov-18,2018,
18-Nov-18,11,Nov-18,2018,
19-Nov-18,12,Nov-18,2018,
20-Nov-18,12,Nov-18,2018,
21-Nov-18,12,Nov-18,2018,
22-Nov-18,12,Nov-18,2018,
23-Nov-18,12,Nov-18,2018,
24-Nov-18,12,Nov-18,2018,
25-Nov-18,12,Nov-18,2018,
26-Nov-18,13,Nov-18,2018,
27-Nov-18,13,Nov-18,2018,
28-Nov-18,13,Nov-18,2018,
29-Nov-18,13,Nov-18,2018,
30-Nov-18,13,Nov-18,2018,
01-Dec-18,13,Nov-18,2018,
02-Dec-18,13,Nov-18,2018,
03-Dec-18,14,Dec-18,2018,
04-Dec-18,14,Dec-18,2018,
05-Dec-18,14,Dec-18,2018,
06-Dec-18,14,Dec-18,2018,
07-Dec-18,14,Dec-18,2018,
08-Dec-18,14,Dec-18,2018,
09-Dec-18,14,Dec-18,2018,
10-Dec-18,15,Dec-18,2018,
11-Dec-18,15,Dec-18,2018,
12-Dec-18,15,Dec-18,2018,
13-Dec-18,15,Dec-18,2018,
14-Dec-18,15,Dec-18,2018,
15-Dec-18,15,Dec-18,2018,
16-Dec-18,15,Dec-18,2018,
17-Dec-18,16,Dec-18,2018,
18-Dec-18,16,Dec-18,2018,
19-Dec-18,16,Dec-18,2018,
20-Dec-18,16,Dec-18,2018,
21-Dec-18,16,Dec-18,2018,
22-Dec-18,16,Dec-18,2018,
23-Dec-18,16,Dec-18,2018,
24-Dec-18,17,Dec-18,2018,
25-Dec-18,17,Dec-18,2018,
26-Dec-18,17,Dec-18,2018,
27-Dec-18,17,Dec-18,2018,
28-Dec-18,17,Dec-18,2018,
29-Dec-18,17,Dec-18,2018,
30-Dec-18,17,Dec-18,2018,
31-Dec-18,18,Jan-19,2018,
01-Jan-19,18,Jan-19,2019,
02-Jan-19,18,Jan-19,2019,
03-Jan-19,18,Jan-19,2019,
04-Jan-19,18,Jan-19,2019,
05-Jan-19,18,Jan-19,2019,
06-Jan-19,18,Jan-19,2019,
07-Jan-19,19,Jan-19,2019,
08-Jan-19,19,Jan-19,2019,
09-Jan-19,19,Jan-19,2019,
10-Jan-19,19,Jan-19,2019,
11-Jan-19,19,Jan-19,2019,
12-Jan-19,19,Jan-19,2019,
13-Jan-19,19,Jan-19,2019,
14-Jan-19,20,Jan-19,2019,
15-Jan-19,20,Jan-19,2019,
16-Jan-19,20,Jan-19,2019,
17-Jan-19,20,Jan-19,2019,
18-Jan-19,20,Jan-19,2019,
19-Jan-19,20,Jan-19,2019,
20-Jan-19,20,Jan-19,2019,
21-Jan-19,21,Jan-19,2019,
22-Jan-19,21,Jan-19,2019,
23-Jan-19,21,Jan-19,2019,
24-Jan-19,21,Jan-19,2019,
25-Jan-19,21,Jan-19,2019,
26-Jan-19,21,Jan-19,2019,
27-Jan-19,21,Jan-19,2019,
28-Jan-19,22,Feb-19,2019,
29-Jan-19,22,Feb-19,2019,
30-Jan-19,22,Feb-19,2019,
31-Jan-19,22,Feb-19,2019,
01-Feb-19,22,Feb-19,2019,
02-Feb-19,22,Feb-19,2019,
03-Feb-19,22,Feb-19,2019,
04-Feb-19,23,Feb-19,2019,
05-Feb-19,23,Feb-19,2019,
06-Feb-19,23,Feb-19,2019,
07-Feb-19,23,Feb-19,2019,
08-Feb-19,23,Feb-19,2019,
09-Feb-19,23,Feb-19,2019,
10-Feb-19,23,Feb-19,2019,
11-Feb-19,24,Feb-19,2019,
12-Feb-19,24,Feb-19,2019,
13-Feb-19,24,Feb-19,2019,
14-Feb-19,24,Feb-19,2019,
15-Feb-19,24,Feb-19,2019,
16-Feb-19,24,Feb-19,2019,
17-Feb-19,24,Feb-19,2019,
18-Feb-19,25,Feb-19,2019,
19-Feb-19,25,Feb-19,2019,
20-Feb-19,25,Feb-19,2019,
21-Feb-19,25,Feb-19,2019,
22-Feb-19,25,Feb-19,2019,
23-Feb-19,25,Feb-19,2019,
24-Feb-19,25,Feb-19,2019,
25-Feb-19,26,Mar-19,2019,
26-Feb-19,26,Mar-19,2019,
27-Feb-19,26,Mar-19,2019,
28-Feb-19,26,Mar-19,2019,
01-Mar-19,26,Mar-19,2019,
02-Mar-19,26,Mar-19,2019,
03-Mar-19,26,Mar-19,2019,
04-Mar-19,27,Mar-19,2019,
05-Mar-19,27,Mar-19,2019,
06-Mar-19,27,Mar-19,2019,
07-Mar-19,27,Mar-19,2019,
08-Mar-19,27,Mar-19,2019,
09-Mar-19,27,Mar-19,2019,
10-Mar-19,27,Mar-19,2019,
11-Mar-19,28,Mar-19,2019,
12-Mar-19,28,Mar-19,2019,
13-Mar-19,28,Mar-19,2019,
14-Mar-19,28,Mar-19,2019,
15-Mar-19,28,Mar-19,2019,
16-Mar-19,28,Mar-19,2019,
17-Mar-19,28,Mar-19,2019,
18-Mar-19,29,Mar-19,2019,
19-Mar-19,29,Mar-19,2019,
20-Mar-19,29,Mar-19,2019,
21-Mar-19,29,Mar-19,2019,
22-Mar-19,29,Mar-19,2019,
23-Mar-19,29,Mar-19,2019,
24-Mar-19,29,Mar-19,2019,
25-Mar-19,30,Mar-19,2019,
26-Mar-19,30,Mar-19,2019,
27-Mar-19,30,Mar-19,2019,
28-Mar-19,30,Mar-19,2019,
29-Mar-19,30,Mar-19,2019,
30-Mar-19,30,Mar-19,2019,
31-Mar-19,30,Mar-19,2019,
01-Apr-19,31,Apr-19,2019,
02-Apr-19,31,Apr-19,2019,
03-Apr-19,31,Apr-19,2019,
04-Apr-19,31,Apr-19,2019,
05-Apr-19,31,Apr-19,2019,
06-Apr-19,31,Apr-19,2019,
07-Apr-19,31,Apr-19,2019,
08-Apr-19,32,Apr-19,2019,
09-Apr-19,32,Apr-19,2019,
10-Apr-19,32,Apr-19,2019,
11-Apr-19,32,Apr-19,2019,
12-Apr-19,32,Apr-19,2019,
13-Apr-19,32,Apr-19,2019,
14-Apr-19,32,Apr-19,2019,
15-Apr-19,33,Apr-19,2019,
16-Apr-19,33,Apr-19,2019,
17-Apr-19,33,Apr-19,2019,
18-Apr-19,33,Apr-19,2019,
19-Apr-19,33,Apr-19,2019,
20-Apr-19,33,Apr-19,2019,
21-Apr-19,33,Apr-19,2019,
22-Apr-19,34,Apr-19,2019,
23-Apr-19,34,Apr-19,2019,
24-Apr-19,34,Apr-19,2019,
25-Apr-19,34,Apr-19,2019,
26-Apr-19,34,Apr-19,2019,
27-Apr-19,34,Apr-19,2019,
28-Apr-19,34,Apr-19,2019,
29-Apr-19,35,May-19,2019,
30-Apr-19,35,May-19,2019,
01-May-19,35,May-19,2019,
02-May-19,35,May-19,2019,
03-May-19,35,May-19,2019,
04-May-19,35,May-19,2019,
05-May-19,35,May-19,2019,
06-May-19,36,May-19,2019,
07-May-19,36,May-19,2019,
08-May-19,36,May-19,2019,
09-May-19,36,May-19,2019,
10-May-19,36,May-19,2019,
11-May-19,36,May-19,2019,
12-May-19,36,May-19,2019,
13-May-19,37,May-19,2019,
14-May-19,37,May-19,2019,
15-May-19,37,May-19,2019,
16-May-19,37,May-19,2019,
17-May-19,37,May-19,2019,
18-May-19,37,May-19,2019,
19-May-19,37,May-19,2019,
20-May-19,38,May-19,2019,
21-May-19,38,May-19,2019,
22-May-19,38,May-19,2019,
23-May-19,38,May-19,2019,
24-May-19,38,May-19,2019,
25-May-19,38,May-19,2019,
26-May-19,38,May-19,2019,
27-May-19,39,Jun-19,2019,
28-May-19,39,Jun-19,2019,
29-May-19,39,Jun-19,2019,
30-May-19,39,Jun-19,2019,
31-May-19,39,Jun-19,2019,
01-Jun-19,39,Jun-19,2019,
02-Jun-19,39,Jun-19,2019,
03-Jun-19,40,Jun-19,2019,
04-Jun-19,40,Jun-19,2019,
05-Jun-19,40,Jun-19,2019,
06-Jun-19,40,Jun-19,2019,
07-Jun-19,40,Jun-19,2019,
08-Jun-19,40,Jun-19,2019,
09-Jun-19,40,Jun-19,2019,
10-Jun-19,41,Jun-19,2019,
11-Jun-19,41,Jun-19,2019,
12-Jun-19,41,Jun-19,2019,
13-Jun-19,41,Jun-19,2019,
14-Jun-19,41,Jun-19,2019,
15-Jun-19,41,Jun-19,2019,
16-Jun-19,41,Jun-19,2019,
17-Jun-19,42,Jun-19,2019,
18-Jun-19,42,Jun-19,2019,
19-Jun-19,42,Jun-19,2019,
20-Jun-19,42,Jun-19,2019,
21-Jun-19,42,Jun-19,2019,
22-Jun-19,42,Jun-19,2019,
23-Jun-19,42,Jun-19,2019,
24-Jun-19,43,Jun-19,2019,
25-Jun-19,43,Jun-19,2019,
26-Jun-19,43,Jun-19,2019,
27-Jun-19,43,Jun-19,2019,
28-Jun-19,43,Jun-19,2019,
29-Jun-19,43,Jun-19,2019,
30-Jun-19,43,Jun-19,2019,
01-Jul-19,44,Jul-19,2019,
02-Jul-19,44,Jul-19,2019,
03-Jul-19,44,Jul-19,2019,
04-Jul-19,44,Jul-19,2019,
05-Jul-19,44,Jul-19,2019,
06-Jul-19,44,Jul-19,2019,
07-Jul-19,44,Jul-19,2019,
08-Jul-19,45,Jul-19,2019,
09-Jul-19,45,Jul-19,2019,
10-Jul-19,45,Jul-19,2019,
11-Jul-19,45,Jul-19,2019,
12-Jul-19,45,Jul-19,2019,
13-Jul-19,45,Jul-19,2019,
14-Jul-19,45,Jul-19,2019,
15-Jul-19,46,Jul-19,2019,
16-Jul-19,46,Jul-19,2019,
17-Jul-19,46,Jul-19,2019,
18-Jul-19,46,Jul-19,2019,
19-Jul-19,46,Jul-19,2019,
20-Jul-19,46,Jul-19,2019,
21-Jul-19,46,Jul-19,2019,
22-Jul-19,47,Jul-19,2019,
23-Jul-19,47,Jul-19,2019,
24-Jul-19,47,Jul-19,2019,
25-Jul-19,47,Jul-19,2019,
26-Jul-19,47,Jul-19,2019,
27-Jul-19,47,Jul-19,2019,
28-Jul-19,47,Jul-19,2019,
29-Jul-19,48,Aug-19,2019,
30-Jul-19,48,Aug-19,2019,
31-Jul-19,48,Aug-19,2019,
01-Aug-19,48,Aug-19,2019,
02-Aug-19,48,Aug-19,2019,
03-Aug-19,48,Aug-19,2019,
04-Aug-19,48,Aug-19,2019,
05-Aug-19,49,Aug-19,2019,
06-Aug-19,49,Aug-19,2019,
07-Aug-19,49,Aug-19,2019,
08-Aug-19,49,Aug-19,2019,
09-Aug-19,49,Aug-19,2019,
10-Aug-19,49,Aug-19,2019,
11-Aug-19,49,Aug-19,2019,
12-Aug-19,50,Aug-19,2019,
13-Aug-19,50,Aug-19,2019,
14-Aug-19,50,Aug-19,2019,
15-Aug-19,50,Aug-19,2019,
16-Aug-19,50,Aug-19,2019,
17-Aug-19,50,Aug-19,2019,
18-Aug-19,50,Aug-19,2019,
19-Aug-19,51,Aug-19,2019,
20-Aug-19,51,Aug-19,2019,
21-Aug-19,51,Aug-19,2019,
22-Aug-19,51,Aug-19,2019,
23-Aug-19,51,Aug-19,2019,
24-Aug-19,51,Aug-19,2019,
25-Aug-19,51,Aug-19,2019,
26-Aug-19,52,Aug-19,2019,
27-Aug-19,52,Aug-19,2019,
28-Aug-19,52,Aug-19,2019,
29-Aug-19,52,Aug-19,2019,
30-Aug-19,52,Aug-19,2019,
31-Aug-19,52,Aug-19,2019,
01-Sep-19,52,Aug-19,2019,
02-Sep-19,1,Sep-19,2019,
03-Sep-19,1,Sep-19,2019,
04-Sep-19,1,Sep-19,2019,
05-Sep-19,1,Sep-19,2019,
06-Sep-19,1,Sep-19,2019,
07-Sep-19,1,Sep-19,2019,
08-Sep-19,1,Sep-19,2019,
09-Sep-19,2,Sep-19,2019,
10-Sep-19,2,Sep-19,2019,
11-Sep-19,2,Sep-19,2019,
12-Sep-19,2,Sep-19,2019,
13-Sep-19,2,Sep-19,2019,
14-Sep-19,2,Sep-19,2019,
15-Sep-19,2,Sep-19,2019,
16-Sep-19,3,Sep-19,2019,
17-Sep-19,3,Sep-19,2019,
18-Sep-19,3,Sep-19,2019,
19-Sep-19,3,Sep-19,2019,
20-Sep-19,3,Sep-19,2019,
21-Sep-19,3,Sep-19,2019,
22-Sep-19,3,Sep-19,2019,
23-Sep-19,4,Sep-19,2019,
24-Sep-19,4,Sep-19,2019,
25-Sep-19,4,Sep-19,2019,
26-Sep-19,4,Sep-19,2019,
27-Sep-19,4,Sep-19,2019,
28-Sep-19,4,Sep-19,2019,
29-Sep-19,4,Sep-19,2019,
30-Sep-19,5,Oct-19,2019,
01-Oct-19,5,Oct-19,2019,
02-Oct-19,5,Oct-19,2019,
03-Oct-19,5,Oct-19,2019,
04-Oct-19,5,Oct-19,2019,
05-Oct-19,5,Oct-19,2019,
06-Oct-19,5,Oct-19,2019,
07-Oct-19,6,Oct-19,2019,
08-Oct-19,6,Oct-19,2019,
09-Oct-19,6,Oct-19,2019,
10-Oct-19,6,Oct-19,2019,
11-Oct-19,6,Oct-19,2019,
12-Oct-19,6,Oct-19,2019,
13-Oct-19,6,Oct-19,2019,
14-Oct-19,7,Oct-19,2019,
15-Oct-19,7,Oct-19,2019,
16-Oct-19,7,Oct-19,2019,
17-Oct-19,7,Oct-19,2019,
18-Oct-19,7,Oct-19,2019,
19-Oct-19,7,Oct-19,2019,
20-Oct-19,7,Oct-19,2019,
21-Oct-19,8,Oct-19,2019,
22-Oct-19,8,Oct-19,2019,
23-Oct-19,8,Oct-19,2019,
24-Oct-19,8,Oct-19,2019,
25-Oct-19,8,Oct-19,2019,
26-Oct-19,8,Oct-19,2019,
27-Oct-19,8,Oct-19,2019,
28-Oct-19,9,Oct-19,2019,
29-Oct-19,9,Oct-19,2019,
30-Oct-19,9,Oct-19,2019,
31-Oct-19,9,Oct-19,2019,
01-Nov-19,9,Oct-19,2019,
02-Nov-19,9,Oct-19,2019,
03-Nov-19,9,Oct-19,2019,
04-Nov-19,10,Nov-19,2019,
05-Nov-19,10,Nov-19,2019,
06-Nov-19,10,Nov-19,2019,
07-Nov-19,10,Nov-19,2019,
08-Nov-19,10,Nov-19,2019,
09-Nov-19,10,Nov-19,2019,
10-Nov-19,10,Nov-19,2019,
11-Nov-19,11,Nov-19,2019,
12-Nov-19,11,Nov-19,2019,
13-Nov-19,11,Nov-19,2019,
14-Nov-19,11,Nov-19,2019,
15-Nov-19,11,Nov-19,2019,
16-Nov-19,11,Nov-19,2019,
17-Nov-19,11,Nov-19,2019,
18-Nov-19,12,Nov-19,2019,
19-Nov-19,12,Nov-19,2019,
20-Nov-19,12,Nov-19,2019,
21-Nov-19,12,Nov-19,2019,
22-Nov-19,12,Nov-19,2019,
23-Nov-19,12,Nov-19,2019,
24-Nov-19,12,Nov-19,2019,
25-Nov-19,13,Nov-19,2019,
26-Nov-19,13,Nov-19,2019,
27-Nov-19,13,Nov-19,2019,
28-Nov-19,13,Nov-19,2019,
29-Nov-19,13,Nov-19,2019,
30-Nov-19,13,Nov-19,2019,
01-Dec-19,13,Nov-19,2019,
02-Dec-19,14,Dec-19,2019,
03-Dec-19,14,Dec-19,2019,
04-Dec-19,14,Dec-19,2019,
05-Dec-19,14,Dec-19,2019,
06-Dec-19,14,Dec-19,2019,
07-Dec-19,14,Dec-19,2019,
08-Dec-19,14,Dec-19,2019,
09-Dec-19,15,Dec-19,2019,
10-Dec-19,15,Dec-19,2019,
11-Dec-19,15,Dec-19,2019,
12-Dec-19,15,Dec-19,2019,
13-Dec-19,15,Dec-19,2019,
14-Dec-19,15,Dec-19,2019,
15-Dec-19,15,Dec-19,2019,
16-Dec-19,16,Dec-19,2019,
17-Dec-19,16,Dec-19,2019,
18-Dec-19,16,Dec-19,2019,
19-Dec-19,16,Dec-19,2019,
20-Dec-19,16,Dec-19,2019,
21-Dec-19,16,Dec-19,2019,
22-Dec-19,16,Dec-19,2019,
23-Dec-19,17,Dec-19,2019,
24-Dec-19,17,Dec-19,2019,
25-Dec-19,17,Dec-19,2019,
26-Dec-19,17,Dec-19,2019,
27-Dec-19,17,Dec-19,2019,
28-Dec-19,17,Dec-19,2019,
29-Dec-19,17,Dec-19,2019,
30-Dec-19,18,Jan-20,2019,
31-Dec-19,18,Jan-20,2019,
01-Jan-20,18,Jan-20,2019,
02-Jan-20,18,Jan-20,2019,
03-Jan-20,18,Jan-20,2019,
04-Jan-20,18,Jan-20,2019,
05-Jan-20,18,Jan-20,2019,
06-Jan-20,19,Jan-20,2019,
07-Jan-20,19,Jan-20,2019,
08-Jan-20,19,Jan-20,2019,
09-Jan-20,19,Jan-20,2019,
10-Jan-20,19,Jan-20,2019,
11-Jan-20,19,Jan-20,2019,
12-Jan-20,19,Jan-20,2019,
13-Jan-20,20,Jan-20,2019,
14-Jan-20,20,Jan-20,2019,
15-Jan-20,20,Jan-20,2019,
16-Jan-20,20,Jan-20,2019,
17-Jan-20,20,Jan-20,2019,
18-Jan-20,20,Jan-20,2019,
19-Jan-20,20,Jan-20,2019,
20-Jan-20,21,Jan-20,2019,
21-Jan-20,21,Jan-20,2019,
22-Jan-20,21,Jan-20,2019,
23-Jan-20,21,Jan-20,2019,
24-Jan-20,21,Jan-20,2019,
25-Jan-20,21,Jan-20,2019,
26-Jan-20,21,Jan-20,2019,
27-Jan-20,22,Jan-20,2019,
28-Jan-20,22,Jan-20,2019,
29-Jan-20,22,Jan-20,2019,
30-Jan-20,22,Jan-20,2019,
31-Jan-20,22,Jan-20,2019,
01-Feb-20,22,Jan-20,2019,
02-Feb-20,22,Jan-20,2019,
03-Feb-20,23,Feb-20,2019,
04-Feb-20,23,Feb-20,2019,
05-Feb-20,23,Feb-20,2019,
06-Feb-20,23,Feb-20,2019,
07-Feb-20,23,Feb-20,2019,
08-Feb-20,23,Feb-20,2019,
09-Feb-20,23,Feb-20,2019,
10-Feb-20,24,Feb-20,2019,
11-Feb-20,24,Feb-20,2019,
12-Feb-20,24,Feb-20,2019,
13-Feb-20,24,Feb-20,2019,
14-Feb-20,24,Feb-20,2019,
15-Feb-20,24,Feb-20,2019,
16-Feb-20,24,Feb-20,2019,
17-Feb-20,25,Feb-20,2019,
18-Feb-20,25,Feb-20,2019,
19-Feb-20,25,Feb-20,2019,
20-Feb-20,25,Feb-20,2019,
21-Feb-20,25,Feb-20,2019,
22-Feb-20,25,Feb-20,2019,
23-Feb-20,25,Feb-20,2019,
24-Feb-20,26,Feb-20,2019,
25-Feb-20,26,Feb-20,2019,
26-Feb-20,26,Feb-20,2019,
27-Feb-20,26,Feb-20,2019,
28-Feb-20,26,Feb-20,2019,
29-Feb-20,26,Feb-20,2019,
01-Mar-20,26,Feb-20,2019,
02-Mar-20,27,Mar-20,2019,
03-Mar-20,27,Mar-20,2019,
04-Mar-20,27,Mar-20,2019,
05-Mar-20,27,Mar-20,2019,
06-Mar-20,27,Mar-20,2019,
07-Mar-20,27,Mar-20,2019,
08-Mar-20,27,Mar-20,2019,
09-Mar-20,28,Mar-20,2019,
10-Mar-20,28,Mar-20,2019,
11-Mar-20,28,Mar-20,2019,
12-Mar-20,28,Mar-20,2019,
13-Mar-20,28,Mar-20,2019,
14-Mar-20,28,Mar-20,2019,
15-Mar-20,28,Mar-20,2019,
16-Mar-20,29,Mar-20,2019,
17-Mar-20,29,Mar-20,2019,
18-Mar-20,29,Mar-20,2019,
19-Mar-20,29,Mar-20,2019,
20-Mar-20,29,Mar-20,2019,
21-Mar-20,29,Mar-20,2019,
22-Mar-20,29,Mar-20,2019,
23-Mar-20,30,Mar-20,2019,
24-Mar-20,30,Mar-20,2019,
25-Mar-20,30,Mar-20,2019,
26-Mar-20,30,Mar-20,2019,
27-Mar-20,30,Mar-20,2019,
28-Mar-20,30,Mar-20,2019,
29-Mar-20,30,Mar-20,2019,
30-Mar-20,31,Apr-20,2019,
31-Mar-20,31,Apr-20,2019,
01-Apr-20,31,Apr-20,2019,
02-Apr-20,31,Apr-20,2019,
03-Apr-20,31,Apr-20,2019,
04-Apr-20,31,Apr-20,2019,
05-Apr-20,31,Apr-20,2019,
06-Apr-20,32,Apr-20,2019,
07-Apr-20,32,Apr-20,2019,
08-Apr-20,32,Apr-20,2019,
09-Apr-20,32,Apr-20,2019,
10-Apr-20,32,Apr-20,2019,
11-Apr-20,32,Apr-20,2019,
12-Apr-20,32,Apr-20,2019,
13-Apr-20,33,Apr-20,2019,
14-Apr-20,33,Apr-20,2019,
15-Apr-20,33,Apr-20,2019,
16-Apr-20,33,Apr-20,2019,
17-Apr-20,33,Apr-20,2019,
18-Apr-20,33,Apr-20,2019,
19-Apr-20,33,Apr-20,2019,
20-Apr-20,34,Apr-20,2019,
21-Apr-20,34,Apr-20,2019,
22-Apr-20,34,Apr-20,2019,
23-Apr-20,34,Apr-20,2019,
24-Apr-20,34,Apr-20,2019,
25-Apr-20,34,Apr-20,2019,
26-Apr-20,34,Apr-20,2019,
27-Apr-20,35,Apr-20,2019,
28-Apr-20,35,Apr-20,2019,
29-Apr-20,35,Apr-20,2019,
30-Apr-20,35,Apr-20,2019,
01-May-20,35,Apr-20,2019,
02-May-20,35,Apr-20,2019,
03-May-20,35,Apr-20,2019,
04-May-20,36,May-20,2019,
05-May-20,36,May-20,2019,
06-May-20,36,May-20,2019,
07-May-20,36,May-20,2019,
08-May-20,36,May-20,2019,
09-May-20,36,May-20,2019,
10-May-20,36,May-20,2019,
11-May-20,37,May-20,2019,
12-May-20,37,May-20,2019,
13-May-20,37,May-20,2019,
14-May-20,37,May-20,2019,
15-May-20,37,May-20,2019,
16-May-20,37,May-20,2019,
17-May-20,37,May-20,2019,
18-May-20,38,May-20,2019,
19-May-20,38,May-20,2019,
20-May-20,38,May-20,2019,
21-May-20,38,May-20,2019,
22-May-20,38,May-20,2019,
23-May-20,38,May-20,2019,
24-May-20,38,May-20,2019,
25-May-20,39,May-20,2019,
26-May-20,39,May-20,2019,
27-May-20,39,May-20,2019,
28-May-20,39,May-20,2019,
29-May-20,39,May-20,2019,
30-May-20,39,May-20,2019,
31-May-20,39,May-20,2019,
01-Jun-20,40,Jun-20,2019,
02-Jun-20,40,Jun-20,2019,
03-Jun-20,40,Jun-20,2019,
04-Jun-20,40,Jun-20,2019,
05-Jun-20,40,Jun-20,2019,
06-Jun-20,40,Jun-20,2019,
07-Jun-20,40,Jun-20,2019,
08-Jun-20,41,Jun-20,2019,
09-Jun-20,41,Jun-20,2019,
10-Jun-20,41,Jun-20,2019,
11-Jun-20,41,Jun-20,2019,
12-Jun-20,41,Jun-20,2019,
13-Jun-20,41,Jun-20,2019,
14-Jun-20,41,Jun-20,2019,
15-Jun-20,42,Jun-20,2019,
16-Jun-20,42,Jun-20,2019,
17-Jun-20,42,Jun-20,2019,
18-Jun-20,42,Jun-20,2019,
19-Jun-20,42,Jun-20,2019,
20-Jun-20,42,Jun-20,2019,
21-Jun-20,42,Jun-20,2019,
22-Jun-20,43,Jun-20,2019,
23-Jun-20,43,Jun-20,2019,
24-Jun-20,43,Jun-20,2019,
25-Jun-20,43,Jun-20,2019,
26-Jun-20,43,Jun-20,2019,
27-Jun-20,43,Jun-20,2019,
28-Jun-20,43,Jun-20,2019,
29-Jun-20,44,Jul-20,2019,
30-Jun-20,44,Jul-20,2019,
01-Jul-20,44,Jul-20,2019,
02-Jul-20,44,Jul-20,2019,
03-Jul-20,44,Jul-20,2019,
04-Jul-20,44,Jul-20,2019,
05-Jul-20,44,Jul-20,2019,
06-Jul-20,45,Jul-20,2019,
07-Jul-20,45,Jul-20,2019,
08-Jul-20,45,Jul-20,2019,
09-Jul-20,45,Jul-20,2019,
10-Jul-20,45,Jul-20,2019,
11-Jul-20,45,Jul-20,2019,
12-Jul-20,45,Jul-20,2019,
13-Jul-20,46,Jul-20,2019,
14-Jul-20,46,Jul-20,2019,
15-Jul-20,46,Jul-20,2019,
16-Jul-20,46,Jul-20,2019,
17-Jul-20,46,Jul-20,2019,
18-Jul-20,46,Jul-20,2019,
19-Jul-20,46,Jul-20,2019,
20-Jul-20,47,Jul-20,2019,
21-Jul-20,47,Jul-20,2019,
22-Jul-20,47,Jul-20,2019,
23-Jul-20,47,Jul-20,2019,
24-Jul-20,47,Jul-20,2019,
25-Jul-20,47,Jul-20,2019,
26-Jul-20,47,Jul-20,2019,
27-Jul-20,48,Jul-20,2019,
28-Jul-20,48,Jul-20,2019,
29-Jul-20,48,Jul-20,2019,
30-Jul-20,48,Jul-20,2019,
31-Jul-20,48,Jul-20,2019,
01-Aug-20,48,Jul-20,2019,
02-Aug-20,48,Jul-20,2019,
03-Aug-20,49,Aug-20,2019,
04-Aug-20,49,Aug-20,2019,
05-Aug-20,49,Aug-20,2019,
06-Aug-20,49,Aug-20,2019,
07-Aug-20,49,Aug-20,2019,
08-Aug-20,49,Aug-20,2019,
09-Aug-20,49,Aug-20,2019,
10-Aug-20,50,Aug-20,2019,
11-Aug-20,50,Aug-20,2019,
12-Aug-20,50,Aug-20,2019,
13-Aug-20,50,Aug-20,2019,
14-Aug-20,50,Aug-20,2019,
15-Aug-20,50,Aug-20,2019,
16-Aug-20,50,Aug-20,2019,
17-Aug-20,51,Aug-20,2019,
18-Aug-20,51,Aug-20,2019,
19-Aug-20,51,Aug-20,2019,
20-Aug-20,51,Aug-20,2019,
21-Aug-20,51,Aug-20,2019,
22-Aug-20,51,Aug-20,2019,
23-Aug-20,51,Aug-20,2019,
24-Aug-20,52,Aug-20,2019,
25-Aug-20,52,Aug-20,2019,
26-Aug-20,52,Aug-20,2019,
27-Aug-20,52,Aug-20,2019,
28-Aug-20,52,Aug-20,2019,
29-Aug-20,52,Aug-20,2019,
30-Aug-20,52,Aug-20,2019,
31-Aug-20,1,Sep-20,2021,
01-Sep-20,1,Sep-20,2021,
02-Sep-20,1,Sep-20,2021,
03-Sep-20,1,Sep-20,2021,
04-Sep-20,1,Sep-20,2021,
05-Sep-20,1,Sep-20,2021,
06-Sep-20,1,Sep-20,2021,
07-Sep-20,2,Sep-20,2021,
08-Sep-20,2,Sep-20,2021,
09-Sep-20,2,Sep-20,2021,
10-Sep-20,2,Sep-20,2021,
11-Sep-20,2,Sep-20,2021,
12-Sep-20,2,Sep-20,2021,
13-Sep-20,2,Sep-20,2021,
14-Sep-20,3,Sep-20,2021,
15-Sep-20,3,Sep-20,2021,
16-Sep-20,3,Sep-20,2021,
17-Sep-20,3,Sep-20,2021,
18-Sep-20,3,Sep-20,2021,
19-Sep-20,3,Sep-20,2021,
20-Sep-20,3,Sep-20,2021,
21-Sep-20,4,Sep-20,2021,
22-Sep-20,4,Sep-20,2021,
23-Sep-20,4,Sep-20,2021,
24-Sep-20,4,Sep-20,2021,
25-Sep-20,4,Sep-20,2021,
26-Sep-20,4,Sep-20,2021,
27-Sep-20,4,Sep-20,2021,
28-Sep-20,5,Oct-20,2021,
29-Sep-20,5,Oct-20,2021,
30-Sep-20,5,Oct-20,2021,
01-Oct-20,5,Oct-20,2021,
02-Oct-20,5,Oct-20,2021,
03-Oct-20,5,Oct-20,2021,
04-Oct-20,5,Oct-20,2021,
05-Oct-20,6,Oct-20,2021,
06-Oct-20,6,Oct-20,2021,
07-Oct-20,6,Oct-20,2021,
08-Oct-20,6,Oct-20,2021,
09-Oct-20,6,Oct-20,2021,
10-Oct-20,6,Oct-20,2021,
11-Oct-20,6,Oct-20,2021,
12-Oct-20,7,Oct-20,2021,
13-Oct-20,7,Oct-20,2021,
14-Oct-20,7,Oct-20,2021,
15-Oct-20,7,Oct-20,2021,
16-Oct-20,7,Oct-20,2021,
17-Oct-20,7,Oct-20,2021,
18-Oct-20,7,Oct-20,2021,
19-Oct-20,8,Oct-20,2021,
20-Oct-20,8,Oct-20,2021,
21-Oct-20,8,Oct-20,2021,
22-Oct-20,8,Oct-20,2021,
23-Oct-20,8,Oct-20,2021,
24-Oct-20,8,Oct-20,2021,
25-Oct-20,8,Oct-20,2021,
26-Oct-20,9,Oct-20,2021,
27-Oct-20,9,Oct-20,2021,
28-Oct-20,9,Oct-20,2021,
29-Oct-20,9,Oct-20,2021,
30-Oct-20,9,Oct-20,2021,
31-Oct-20,9,Oct-20,2021,
01-Nov-20,9,Oct-20,2021,
02-Nov-20,10,Nov-20,2021,
03-Nov-20,10,Nov-20,2021,
04-Nov-20,10,Nov-20,2021,
05-Nov-20,10,Nov-20,2021,
06-Nov-20,10,Nov-20,2021,
07-Nov-20,10,Nov-20,2021,
08-Nov-20,10,Nov-20,2021,
09-Nov-20,11,Nov-20,2021,
10-Nov-20,11,Nov-20,2021,
11-Nov-20,11,Nov-20,2021,
12-Nov-20,11,Nov-20,2021,
13-Nov-20,11,Nov-20,2021,
14-Nov-20,11,Nov-20,2021,
15-Nov-20,11,Nov-20,2021,
16-Nov-20,12,Nov-20,2021,
17-Nov-20,12,Nov-20,2021,
18-Nov-20,12,Nov-20,2021,
19-Nov-20,12,Nov-20,2021,
20-Nov-20,12,Nov-20,2021,
21-Nov-20,12,Nov-20,2021,
22-Nov-20,12,Nov-20,2021,
23-Nov-20,13,Nov-20,2021,
24-Nov-20,13,Nov-20,2021,
25-Nov-20,13,Nov-20,2021,
26-Nov-20,13,Nov-20,2021,
27-Nov-20,13,Nov-20,2021,
28-Nov-20,13,Nov-20,2021,
29-Nov-20,13,Nov-20,2021,
30-Nov-20,14,Dec-20,2021,
01-Dec-20,14,Dec-20,2021,
02-Dec-20,14,Dec-20,2021,
03-Dec-20,14,Dec-20,2021,
04-Dec-20,14,Dec-20,2021,
05-Dec-20,14,Dec-20,2021,
06-Dec-20,14,Dec-20,2021,
07-Dec-20,15,Dec-20,2021,
08-Dec-20,15,Dec-20,2021,
09-Dec-20,15,Dec-20,2021,
10-Dec-20,15,Dec-20,2021,
11-Dec-20,15,Dec-20,2021,
12-Dec-20,15,Dec-20,2021,
13-Dec-20,15,Dec-20,2021,
14-Dec-20,16,Dec-20,2021,
15-Dec-20,16,Dec-20,2021,
16-Dec-20,16,Dec-20,2021,
17-Dec-20,16,Dec-20,2021,
18-Dec-20,16,Dec-20,2021,
19-Dec-20,16,Dec-20,2021,
20-Dec-20,16,Dec-20,2021,
21-Dec-20,17,Dec-20,2021,
22-Dec-20,17,Dec-20,2021,
23-Dec-20,17,Dec-20,2021,
24-Dec-20,17,Dec-20,2021,
25-Dec-20,17,Dec-20,2021,
26-Dec-20,17,Dec-20,2021,
27-Dec-20,17,Dec-20,2021,
28-Dec-20,18,Jan-21,2021,
29-Dec-20,18,Jan-21,2021,
30-Dec-20,18,Jan-21,2021,
31-Dec-20,18,Jan-21,2021,
01-Jan-21,18,Jan-21,2021,
02-Jan-21,18,Jan-21,2021,
03-Jan-21,18,Jan-21,2021,
04-Jan-21,19,Jan-21,2021,
05-Jan-21,19,Jan-21,2021,
06-Jan-21,19,Jan-21,2021,
07-Jan-21,19,Jan-21,2021,
08-Jan-21,19,Jan-21,2021,
09-Jan-21,19,Jan-21,2021,
10-Jan-21,19,Jan-21,2021,
11-Jan-21,20,Jan-21,2021,
12-Jan-21,20,Jan-21,2021,
13-Jan-21,20,Jan-21,2021,
14-Jan-21,20,Jan-21,2021,
15-Jan-21,20,Jan-21,2021,
16-Jan-21,20,Jan-21,2021,
17-Jan-21,20,Jan-21,2021,
18-Jan-21,21,Jan-21,2021,
19-Jan-21,21,Jan-21,2021,
20-Jan-21,21,Jan-21,2021,
21-Jan-21,21,Jan-21,2021,
22-Jan-21,21,Jan-21,2021,
23-Jan-21,21,Jan-21,2021,
24-Jan-21,21,Jan-21,2021,
25-Jan-21,22,Jan-21,2021,
26-Jan-21,22,Jan-21,2021,
27-Jan-21,22,Jan-21,2021,
28-Jan-21,22,Jan-21,2021,
29-Jan-21,22,Jan-21,2021,
30-Jan-21,22,Jan-21,2021,
31-Jan-21,22,Jan-21,2021,
01-Feb-21,23,Feb-21,2021,
02-Feb-21,23,Feb-21,2021,
03-Feb-21,23,Feb-21,2021,
04-Feb-21,23,Feb-21,2021,
05-Feb-21,23,Feb-21,2021,
06-Feb-21,23,Feb-21,2021,
07-Feb-21,23,Feb-21,2021,
08-Feb-21,24,Feb-21,2021,
09-Feb-21,24,Feb-21,2021,
10-Feb-21,24,Feb-21,2021,
11-Feb-21,24,Feb-21,2021,
12-Feb-21,24,Feb-21,2021,
13-Feb-21,24,Feb-21,2021,
14-Feb-21,24,Feb-21,2021,
15-Feb-21,25,Feb-21,2021,
16-Feb-21,25,Feb-21,2021,
17-Feb-21,25,Feb-21,2021,
18-Feb-21,25,Feb-21,2021,
19-Feb-21,25,Feb-21,2021,
20-Feb-21,25,Feb-21,2021,
21-Feb-21,25,Feb-21,2021,
22-Feb-21,26,Feb-21,2021,
23-Feb-21,26,Feb-21,2021,
24-Feb-21,26,Feb-21,2021,
25-Feb-21,26,Feb-21,2021,
26-Feb-21,26,Feb-21,2021,
27-Feb-21,26,Feb-21,2021,
28-Feb-21,26,Feb-21,2021,
01-Mar-21,27,Mar-21,2021,
02-Mar-21,27,Mar-21,2021,
03-Mar-21,27,Mar-21,2021,
04-Mar-21,27,Mar-21,2021,
05-Mar-21,27,Mar-21,2021,
06-Mar-21,27,Mar-21,2021,
07-Mar-21,27,Mar-21,2021,
08-Mar-21,28,Mar-21,2021,
09-Mar-21,28,Mar-21,2021,
10-Mar-21,28,Mar-21,2021,
11-Mar-21,28,Mar-21,2021,
12-Mar-21,28,Mar-21,2021,
13-Mar-21,28,Mar-21,2021,
14-Mar-21,28,Mar-21,2021,
15-Mar-21,29,Mar-21,2021,
16-Mar-21,29,Mar-21,2021,
17-Mar-21,29,Mar-21,2021,
18-Mar-21,29,Mar-21,2021,
19-Mar-21,29,Mar-21,2021,
20-Mar-21,29,Mar-21,2021,
21-Mar-21,29,Mar-21,2021,
22-Mar-21,30,Mar-21,2021,
23-Mar-21,30,Mar-21,2021,
24-Mar-21,30,Mar-21,2021,
25-Mar-21,30,Mar-21,2021,
26-Mar-21,30,Mar-21,2021,
27-Mar-21,30,Mar-21,2021,
28-Mar-21,30,Mar-21,2021,
29-Mar-21,31,Apr-21,2021,
30-Mar-21,31,Apr-21,2021,
31-Mar-21,31,Apr-21,2021,
01-Apr-21,31,Apr-21,2021,
02-Apr-21,31,Apr-21,2021,
03-Apr-21,31,Apr-21,2021,
04-Apr-21,31,Apr-21,2021,
05-Apr-21,32,Apr-21,2021,
06-Apr-21,32,Apr-21,2021,
07-Apr-21,32,Apr-21,2021,
08-Apr-21,32,Apr-21,2021,
09-Apr-21,32,Apr-21,2021,
10-Apr-21,32,Apr-21,2021,
11-Apr-21,32,Apr-21,2021,
12-Apr-21,33,Apr-21,2021,
13-Apr-21,33,Apr-21,2021,
14-Apr-21,33,Apr-21,2021,
15-Apr-21,33,Apr-21,2021,
16-Apr-21,33,Apr-21,2021,
17-Apr-21,33,Apr-21,2021,
18-Apr-21,33,Apr-21,2021,
19-Apr-21,34,Apr-21,2021,
20-Apr-21,34,Apr-21,2021,
21-Apr-21,34,Apr-21,2021,
22-Apr-21,34,Apr-21,2021,
23-Apr-21,34,Apr-21,2021,
24-Apr-21,34,Apr-21,2021,
25-Apr-21,34,Apr-21,2021,
26-Apr-21,35,May-21,2021,
27-Apr-21,35,May-21,2021,
28-Apr-21,35,May-21,2021,
29-Apr-21,35,May-21,2021,
30-Apr-21,35,May-21,2021,
01-May-21,35,May-21,2021,
02-May-21,35,May-21,2021,
03-May-21,36,May-21,2021,
04-May-21,36,May-21,2021,
05-May-21,36,May-21,2021,
06-May-21,36,May-21,2021,
07-May-21,36,May-21,2021,
08-May-21,36,May-21,2021,
09-May-21,36,May-21,2021,
10-May-21,37,May-21,2021,
11-May-21,37,May-21,2021,
12-May-21,37,May-21,2021,
13-May-21,37,May-21,2021,
14-May-21,37,May-21,2021,
15-May-21,37,May-21,2021,
16-May-21,37,May-21,2021,
17-May-21,38,May-21,2021,
18-May-21,38,May-21,2021,
19-May-21,38,May-21,2021,
20-May-21,38,May-21,2021,
21-May-21,38,May-21,2021,
22-May-21,38,May-21,2021,
23-May-21,38,May-21,2021,
24-May-21,39,May-21,2021,
25-May-21,39,May-21,2021,
26-May-21,39,May-21,2021,
27-May-21,39,May-21,2021,
28-May-21,39,May-21,2021,
29-May-21,39,May-21,2021,
30-May-21,39,May-21,2021,
31-May-21,40,Jun-21,2021,
01-Jun-21,40,Jun-21,2021,
02-Jun-21,40,Jun-21,2021,
03-Jun-21,40,Jun-21,2021,
04-Jun-21,40,Jun-21,2021,
05-Jun-21,40,Jun-21,2021,
06-Jun-21,40,Jun-21,2021,
07-Jun-21,41,Jun-21,2021,
08-Jun-21,41,Jun-21,2021,
09-Jun-21,41,Jun-21,2021,
10-Jun-21,41,Jun-21,2021,
11-Jun-21,41,Jun-21,2021,
12-Jun-21,41,Jun-21,2021,
13-Jun-21,41,Jun-21,2021,
14-Jun-21,42,Jun-21,2021,
15-Jun-21,42,Jun-21,2021,
16-Jun-21,42,Jun-21,2021,
17-Jun-21,42,Jun-21,2021,
18-Jun-21,42,Jun-21,2021,
19-Jun-21,42,Jun-21,2021,
20-Jun-21,42,Jun-21,2021,
21-Jun-21,43,Jun-21,2021,
22-Jun-21,43,Jun-21,2021,
23-Jun-21,43,Jun-21,2021,
24-Jun-21,43,Jun-21,2021,
25-Jun-21,43,Jun-21,2021,
26-Jun-21,43,Jun-21,2021,
27-Jun-21,43,Jun-21,2021,
28-Jun-21,44,Jul-21,2021,
29-Jun-21,44,Jul-21,2021,
30-Jun-21,44,Jul-21,2021,
01-Jul-21,44,Jul-21,2021,
02-Jul-21,44,Jul-21,2021,
03-Jul-21,44,Jul-21,2021,
04-Jul-21,44,Jul-21,2021,
05-Jul-21,45,Jul-21,2021,
06-Jul-21,45,Jul-21,2021,
07-Jul-21,45,Jul-21,2021,
08-Jul-21,45,Jul-21,2021,
09-Jul-21,45,Jul-21,2021,
10-Jul-21,45,Jul-21,2021,
11-Jul-21,45,Jul-21,2021,
12-Jul-21,46,Jul-21,2021,
13-Jul-21,46,Jul-21,2021,
14-Jul-21,46,Jul-21,2021,
15-Jul-21,46,Jul-21,2021,
16-Jul-21,46,Jul-21,2021,
17-Jul-21,46,Jul-21,2021,
18-Jul-21,46,Jul-21,2021,
19-Jul-21,47,Jul-21,2021,
20-Jul-21,47,Jul-21,2021,
21-Jul-21,47,Jul-21,2021,
22-Jul-21,47,Jul-21,2021,
23-Jul-21,47,Jul-21,2021,
24-Jul-21,47,Jul-21,2021,
25-Jul-21,47,Jul-21,2021,
26-Jul-21,48,Jul-21,2021,
27-Jul-21,48,Jul-21,2021,
28-Jul-21,48,Jul-21,2021,
29-Jul-21,48,Jul-21,2021,
30-Jul-21,48,Jul-21,2021,
31-Jul-21,48,Jul-21,2021,
01-Aug-21,48,Jul-21,2021,
02-Aug-21,49,Aug-21,2021,
03-Aug-21,49,Aug-21,2021,
04-Aug-21,49,Aug-21,2021,
05-Aug-21,49,Aug-21,2021,
06-Aug-21,49,Aug-21,2021,
07-Aug-21,49,Aug-21,2021,
08-Aug-21,49,Aug-21,2021,
09-Aug-21,50,Aug-21,2021,
10-Aug-21,50,Aug-21,2021,
11-Aug-21,50,Aug-21,2021,
12-Aug-21,50,Aug-21,2021,
13-Aug-21,50,Aug-21,2021,
14-Aug-21,50,Aug-21,2021,
15-Aug-21,50,Aug-21,2021,
16-Aug-21,51,Aug-21,2021,
17-Aug-21,51,Aug-21,2021,
18-Aug-21,51,Aug-21,2021,
19-Aug-21,51,Aug-21,2021,
20-Aug-21,51,Aug-21,2021,
21-Aug-21,51,Aug-21,2021,
22-Aug-21,51,Aug-21,2021,
23-Aug-21,52,Aug-21,2021,
24-Aug-21,52,Aug-21,2021,
25-Aug-21,52,Aug-21,2021,
26-Aug-21,52,Aug-21,2021,
27-Aug-21,52,Aug-21,2021,
28-Aug-21,52,Aug-21,2021,
29-Aug-21,52,Aug-21,2021,
30-Aug-21,1,Sep-21,2022,
31-Aug-21,1,Sep-21,2022,
01-Sep-21,1,Sep-21,2022,
02-Sep-21,1,Sep-21,2022,
03-Sep-21,1,Sep-21,2022,
04-Sep-21,1,Sep-21,2022,
05-Sep-21,1,Sep-21,2022,
06-Sep-21,2,Sep-21,2022,
07-Sep-21,2,Sep-21,2022,
08-Sep-21,2,Sep-21,2022,
09-Sep-21,2,Sep-21,2022,
10-Sep-21,2,Sep-21,2022,
11-Sep-21,2,Sep-21,2022,
12-Sep-21,2,Sep-21,2022,
13-Sep-21,3,Sep-21,2022,
14-Sep-21,3,Sep-21,2022,
15-Sep-21,3,Sep-21,2022,
16-Sep-21,3,Sep-21,2022,
17-Sep-21,3,Sep-21,2022,
18-Sep-21,3,Sep-21,2022,
19-Sep-21,3,Sep-21,2022,
20-Sep-21,4,Sep-21,2022,
21-Sep-21,4,Sep-21,2022,
22-Sep-21,4,Sep-21,2022,
23-Sep-21,4,Sep-21,2022,
24-Sep-21,4,Sep-21,2022,
25-Sep-21,4,Sep-21,2022,
26-Sep-21,4,Sep-21,2022,
27-Sep-21,5,Oct-21,2022,
28-Sep-21,5,Oct-21,2022,
29-Sep-21,5,Oct-21,2022,
30-Sep-21,5,Oct-21,2022,
01-Oct-21,5,Oct-21,2022,
02-Oct-21,5,Oct-21,2022,
03-Oct-21,5,Oct-21,2022,
04-Oct-21,6,Oct-21,2022,
05-Oct-21,6,Oct-21,2022,
06-Oct-21,6,Oct-21,2022,
07-Oct-21,6,Oct-21,2022,
08-Oct-21,6,Oct-21,2022,
09-Oct-21,6,Oct-21,2022,
10-Oct-21,6,Oct-21,2022,
11-Oct-21,7,Oct-21,2022,
12-Oct-21,7,Oct-21,2022,
13-Oct-21,7,Oct-21,2022,
14-Oct-21,7,Oct-21,2022,
15-Oct-21,7,Oct-21,2022,
16-Oct-21,7,Oct-21,2022,
17-Oct-21,7,Oct-21,2022,
18-Oct-21,8,Oct-21,2022,
19-Oct-21,8,Oct-21,2022,
20-Oct-21,8,Oct-21,2022,
21-Oct-21,8,Oct-21,2022,
22-Oct-21,8,Oct-21,2022,
23-Oct-21,8,Oct-21,2022,
24-Oct-21,8,Oct-21,2022,
25-Oct-21,9,Oct-21,2022,
26-Oct-21,9,Oct-21,2022,
27-Oct-21,9,Oct-21,2022,
28-Oct-21,9,Oct-21,2022,
29-Oct-21,9,Oct-21,2022,
30-Oct-21,9,Oct-21,2022,
31-Oct-21,9,Oct-21,2022,
01-Nov-21,10,Nov-21,2022,
02-Nov-21,10,Nov-21,2022,
03-Nov-21,10,Nov-21,2022,
04-Nov-21,10,Nov-21,2022,
05-Nov-21,10,Nov-21,2022,
06-Nov-21,10,Nov-21,2022,
07-Nov-21,10,Nov-21,2022,
08-Nov-21,11,Nov-21,2022,
09-Nov-21,11,Nov-21,2022,
10-Nov-21,11,Nov-21,2022,
11-Nov-21,11,Nov-21,2022,
12-Nov-21,11,Nov-21,2022,
13-Nov-21,11,Nov-21,2022,
14-Nov-21,11,Nov-21,2022,
15-Nov-21,12,Nov-21,2022,
16-Nov-21,12,Nov-21,2022,
17-Nov-21,12,Nov-21,2022,
18-Nov-21,12,Nov-21,2022,
19-Nov-21,12,Nov-21,2022,
20-Nov-21,12,Nov-21,2022,
21-Nov-21,12,Nov-21,2022,
22-Nov-21,13,Nov-21,2022,
23-Nov-21,13,Nov-21,2022,
24-Nov-21,13,Nov-21,2022,
25-Nov-21,13,Nov-21,2022,
26-Nov-21,13,Nov-21,2022,
27-Nov-21,13,Nov-21,2022,
28-Nov-21,13,Nov-21,2022,
29-Nov-21,14,Dec-21,2022,
30-Nov-21,14,Dec-21,2022,
01-Dec-21,14,Dec-21,2022,
02-Dec-21,14,Dec-21,2022,
03-Dec-21,14,Dec-21,2022,
04-Dec-21,14,Dec-21,2022,
05-Dec-21,14,Dec-21,2022,
06-Dec-21,15,Dec-21,2022,
07-Dec-21,15,Dec-21,2022,
08-Dec-21,15,Dec-21,2022,
09-Dec-21,15,Dec-21,2022,
10-Dec-21,15,Dec-21,2022,
11-Dec-21,15,Dec-21,2022,
12-Dec-21,15,Dec-21,2022,
13-Dec-21,16,Dec-21,2022,
14-Dec-21,16,Dec-21,2022,
15-Dec-21,16,Dec-21,2022,
16-Dec-21,16,Dec-21,2022,
17-Dec-21,16,Dec-21,2022,
18-Dec-21,16,Dec-21,2022,
19-Dec-21,16,Dec-21,2022,
20-Dec-21,17,Dec-21,2022,
21-Dec-21,17,Dec-21,2022,
22-Dec-21,17,Dec-21,2022,
23-Dec-21,17,Dec-21,2022,
24-Dec-21,17,Dec-21,2022,
25-Dec-21,17,Dec-21,2022,
26-Dec-21,17,Dec-21,2022,
27-Dec-21,18,Dec-21,2022,
28-Dec-21,18,Dec-21,2022,
29-Dec-21,18,Dec-21,2022,
30-Dec-21,18,Dec-21,2022,
31-Dec-21,18,Dec-21,2022,
01-Jan-22,18,Dec-21,2022,
02-Jan-22,18,Dec-21,2022,
03-Jan-22,19,Jan-22,2022,
04-Jan-22,19,Jan-22,2022,
05-Jan-22,19,Jan-22,2022,
06-Jan-22,19,Jan-22,2022,
07-Jan-22,19,Jan-22,2022,
08-Jan-22,19,Jan-22,2022,
09-Jan-22,19,Jan-22,2022,
10-Jan-22,20,Jan-22,2022,
11-Jan-22,20,Jan-22,2022,
12-Jan-22,20,Jan-22,2022,
13-Jan-22,20,Jan-22,2022,
14-Jan-22,20,Jan-22,2022,
15-Jan-22,20,Jan-22,2022,
16-Jan-22,20,Jan-22,2022,
17-Jan-22,21,Jan-22,2022,
18-Jan-22,21,Jan-22,2022,
19-Jan-22,21,Jan-22,2022,
20-Jan-22,21,Jan-22,2022,
21-Jan-22,21,Jan-22,2022,
22-Jan-22,21,Jan-22,2022,
23-Jan-22,21,Jan-22,2022,
24-Jan-22,22,Jan-22,2022,
25-Jan-22,22,Jan-22,2022,
26-Jan-22,22,Jan-22,2022,
27-Jan-22,22,Jan-22,2022,
28-Jan-22,22,Jan-22,2022,
29-Jan-22,22,Jan-22,2022,
30-Jan-22,22,Jan-22,2022,
31-Jan-22,23,Feb-22,2022,
01-Feb-22,23,Feb-22,2022,
02-Feb-22,23,Feb-22,2022,
03-Feb-22,23,Feb-22,2022,
04-Feb-22,23,Feb-22,2022,
05-Feb-22,23,Feb-22,2022,
06-Feb-22,23,Feb-22,2022,
07-Feb-22,24,Feb-22,2022,
08-Feb-22,24,Feb-22,2022,
09-Feb-22,24,Feb-22,2022,
10-Feb-22,24,Feb-22,2022,
11-Feb-22,24,Feb-22,2022,
12-Feb-22,24,Feb-22,2022,
13-Feb-22,24,Feb-22,2022,
14-Feb-22,25,Feb-22,2022,
15-Feb-22,25,Feb-22,2022,
16-Feb-22,25,Feb-22,2022,
17-Feb-22,25,Feb-22,2022,
18-Feb-22,25,Feb-22,2022,
19-Feb-22,25,Feb-22,2022,
20-Feb-22,25,Feb-22,2022,
21-Feb-22,26,Feb-22,2022,
22-Feb-22,26,Feb-22,2022,
23-Feb-22,26,Feb-22,2022,
24-Feb-22,26,Feb-22,2022,
25-Feb-22,26,Feb-22,2022,
26-Feb-22,26,Feb-22,2022,
27-Feb-22,26,Feb-22,2022,
28-Feb-22,27,Mar-22,2022,
01-Mar-22,27,Mar-22,2022,
02-Mar-22,27,Mar-22,2022,
03-Mar-22,27,Mar-22,2022,
04-Mar-22,27,Mar-22,2022,
05-Mar-22,27,Mar-22,2022,
06-Mar-22,27,Mar-22,2022,
07-Mar-22,28,Mar-22,2022,
08-Mar-22,28,Mar-22,2022,
09-Mar-22,28,Mar-22,2022,
10-Mar-22,28,Mar-22,2022,
11-Mar-22,28,Mar-22,2022,
12-Mar-22,28,Mar-22,2022,
13-Mar-22,28,Mar-22,2022,
14-Mar-22,29,Mar-22,2022,
15-Mar-22,29,Mar-22,2022,
16-Mar-22,29,Mar-22,2022,
17-Mar-22,29,Mar-22,2022,
18-Mar-22,29,Mar-22,2022,
19-Mar-22,29,Mar-22,2022,
20-Mar-22,29,Mar-22,2022,
21-Mar-22,30,Mar-22,2022,
22-Mar-22,30,Mar-22,2022,
23-Mar-22,30,Mar-22,2022,
24-Mar-22,30,Mar-22,2022,
25-Mar-22,30,Mar-22,2022,
26-Mar-22,30,Mar-22,2022,
27-Mar-22,30,Mar-22,2022,
28-Mar-22,31,Apr-22,2022,
29-Mar-22,31,Apr-22,2022,
30-Mar-22,31,Apr-22,2022,
31-Mar-22,31,Apr-22,2022,
01-Apr-22,31,Apr-22,2022,
02-Apr-22,31,Apr-22,2022,
03-Apr-22,31,Apr-22,2022,
04-Apr-22,32,Apr-22,2022,
05-Apr-22,32,Apr-22,2022,
06-Apr-22,32,Apr-22,2022,
07-Apr-22,32,Apr-22,2022,
08-Apr-22,32,Apr-22,2022,
09-Apr-22,32,Apr-22,2022,
10-Apr-22,32,Apr-22,2022,
11-Apr-22,33,Apr-22,2022,
12-Apr-22,33,Apr-22,2022,
13-Apr-22,33,Apr-22,2022,
14-Apr-22,33,Apr-22,2022,
15-Apr-22,33,Apr-22,2022,
16-Apr-22,33,Apr-22,2022,
17-Apr-22,33,Apr-22,2022,
18-Apr-22,34,Apr-22,2022,
19-Apr-22,34,Apr-22,2022,
20-Apr-22,34,Apr-22,2022,
21-Apr-22,34,Apr-22,2022,
22-Apr-22,34,Apr-22,2022,
23-Apr-22,34,Apr-22,2022,
24-Apr-22,34,Apr-22,2022,
25-Apr-22,35,Apr-22,2022,
26-Apr-22,35,Apr-22,2022,
27-Apr-22,35,Apr-22,2022,
28-Apr-22,35,Apr-22,2022,
29-Apr-22,35,Apr-22,2022,
30-Apr-22,35,Apr-22,2022,
01-May-22,35,Apr-22,2022,
02-May-22,36,May-22,2022,
03-May-22,36,May-22,2022,
04-May-22,36,May-22,2022,
05-May-22,36,May-22,2022,
06-May-22,36,May-22,2022,
07-May-22,36,May-22,2022,
08-May-22,36,May-22,2022,
09-May-22,37,May-22,2022,
10-May-22,37,May-22,2022,
11-May-22,37,May-22,2022,
12-May-22,37,May-22,2022,
13-May-22,37,May-22,2022,
14-May-22,37,May-22,2022,
15-May-22,37,May-22,2022,
16-May-22,38,May-22,2022,
17-May-22,38,May-22,2022,
18-May-22,38,May-22,2022,
19-May-22,38,May-22,2022,
20-May-22,38,May-22,2022,
21-May-22,38,May-22,2022,
22-May-22,38,May-22,2022,
23-May-22,39,May-22,2022,
24-May-22,39,May-22,2022,
25-May-22,39,May-22,2022,
26-May-22,39,May-22,2022,
27-May-22,39,May-22,2022,
28-May-22,39,May-22,2022,
29-May-22,39,May-22,2022,
30-May-22,40,Jun-22,2022,
31-May-22,40,Jun-22,2022,
01-Jun-22,40,Jun-22,2022,
02-Jun-22,40,Jun-22,2022,
03-Jun-22,40,Jun-22,2022,
04-Jun-22,40,Jun-22,2022,
05-Jun-22,40,Jun-22,2022,
06-Jun-22,41,Jun-22,2022,
07-Jun-22,41,Jun-22,2022,
08-Jun-22,41,Jun-22,2022,
09-Jun-22,41,Jun-22,2022,
10-Jun-22,41,Jun-22,2022,
11-Jun-22,41,Jun-22,2022,
12-Jun-22,41,Jun-22,2022,
13-Jun-22,42,Jun-22,2022,
14-Jun-22,42,Jun-22,2022,
15-Jun-22,42,Jun-22,2022,
16-Jun-22,42,Jun-22,2022,
17-Jun-22,42,Jun-22,2022,
18-Jun-22,42,Jun-22,2022,
19-Jun-22,42,Jun-22,2022,
20-Jun-22,43,Jun-22,2022,
21-Jun-22,43,Jun-22,2022,
22-Jun-22,43,Jun-22,2022,
23-Jun-22,43,Jun-22,2022,
24-Jun-22,43,Jun-22,2022,
25-Jun-22,43,Jun-22,2022,
26-Jun-22,43,Jun-22,2022,
27-Jun-22,44,Jun-22,2022,
28-Jun-22,44,Jun-22,2022,
29-Jun-22,44,Jun-22,2022,
30-Jun-22,44,Jun-22,2022,
01-Jul-22,44,Jun-22,2022,
02-Jul-22,44,Jun-22,2022,
03-Jul-22,44,Jun-22,2022,
04-Jul-22,45,Jul-22,2022,
05-Jul-22,45,Jul-22,2022,
06-Jul-22,45,Jul-22,2022,
07-Jul-22,45,Jul-22,2022,
08-Jul-22,45,Jul-22,2022,
09-Jul-22,45,Jul-22,2022,
10-Jul-22,45,Jul-22,2022,
11-Jul-22,46,Jul-22,2022,
12-Jul-22,46,Jul-22,2022,
13-Jul-22,46,Jul-22,2022,
14-Jul-22,46,Jul-22,2022,
15-Jul-22,46,Jul-22,2022,
16-Jul-22,46,Jul-22,2022,
17-Jul-22,46,Jul-22,2022,
18-Jul-22,47,Jul-22,2022,
19-Jul-22,47,Jul-22,2022,
20-Jul-22,47,Jul-22,2022,
21-Jul-22,47,Jul-22,2022,
22-Jul-22,47,Jul-22,2022,
23-Jul-22,47,Jul-22,2022,
24-Jul-22,47,Jul-22,2022,
25-Jul-22,48,Jul-22,2022,
26-Jul-22,48,Jul-22,2022,
27-Jul-22,48,Jul-22,2022,
28-Jul-22,48,Jul-22,2022,
29-Jul-22,48,Jul-22,2022,
30-Jul-22,48,Jul-22,2022,
31-Jul-22,48,Jul-22,2022,
01-Aug-22,49,Aug-22,2022,
02-Aug-22,49,Aug-22,2022,
03-Aug-22,49,Aug-22,2022,
04-Aug-22,49,Aug-22,2022,
05-Aug-22,49,Aug-22,2022,
06-Aug-22,49,Aug-22,2022,
07-Aug-22,49,Aug-22,2022,
08-Aug-22,50,Aug-22,2022,
09-Aug-22,50,Aug-22,2022,
10-Aug-22,50,Aug-22,2022,
11-Aug-22,50,Aug-22,2022,
12-Aug-22,50,Aug-22,2022,
13-Aug-22,50,Aug-22,2022,
14-Aug-22,50,Aug-22,2022,
15-Aug-22,51,Aug-22,2022,
16-Aug-22,51,Aug-22,2022,
17-Aug-22,51,Aug-22,2022,
18-Aug-22,51,Aug-22,2022,
19-Aug-22,51,Aug-22,2022,
20-Aug-22,51,Aug-22,2022,
21-Aug-22,51,Aug-22,2022,
22-Aug-22,52,Aug-22,2022,
23-Aug-22,52,Aug-22,2022,
24-Aug-22,52,Aug-22,2022,
25-Aug-22,52,Aug-22,2022,
26-Aug-22,52,Aug-22,2022,
27-Aug-22,52,Aug-22,2022,
28-Aug-22,52,Aug-22,2022,
,,,,
,,,,
,,,,
,,,,
,,,,
,,,,
,,,,
,,,,
,,,,
,,,,
,,,,
,,,,
,,,,
,,,,
,,,,
,,,,
,,,,
,,,,
,,,,
,,,,
,,,,
,,,,
,,,,
,,,,
,,,,
,,,,
,,,,
,,,,
,,,,
,,,,
,,,,
,,,,
,,,,
,,,,
,,,,
,,,,
,,,,
,,,,
,,,,
,,,,
,,,,
,,,,
,,,,
,,,,
,,,,
,,,,
,,,,
,,,,
,,,,
,,,,
,,,,
,,,,
,,,,
,,,,
,,,,
,,,,
,,,,
,,,,
,,,,
,,,,
,,,,
,,,,
,,,,
,,,,
,,,,
,,,,
,,,,
,,,,
,,,,
,,,,
,,,,
,,,,
,,,,
,,,,
,,,,
,,,,
,,,,
,,,,
,,,,
,,,,
,,,,
,,,,
,,,,
,,,,
,,,,
,,,,
,,,,
,,,,
,,,,
,,,,
,,,,
,,,,
,,,,
,,,,
,,,,
,,,,
,,,,
,,,,
,,,,
,,,,
,,,,
,,,,
,,,,
,,,,
,,,,
,,,,
,,,,
,,,,
,,,,
,,,,
,,,,
,,,,
,,,,
,,,,
,,,,
,,,,
,,,,
,,,,
,,,,
,,,,
,,,,
,,,,
,,,,
,,,,
,,,,
,,,,
,,,,
,,,,
,,,,
,,,,
,,,,
,,,,